call_id,student_name,year,location,tech_stack,transcript_text,sentiment_label,remarks_by_counselor,@
1,Aditya Saxena,2024,Lucknow,Java Full Stack,Simply economy I experience send could management practice themselves firm gun baby treat.,Positive,Very enthusiastic about the course,
2,Priya Sharma,2022,Lucknow,Python with Data Science,Gas he laugh according street a school voice can entire all center.,Positive,Student showed strong interest,
3,Priya Singh,2024,Lucknow,MERN Stack,At right message sure me yourself officer support pretty.,Positive,Agreed to join training,
4,Sneha Agarwal,2024,Lucknow,Java Full Stack,Environmental body key wall house hear sing traditional determine wear stage child poor say.,Positive,Student showed strong interest,
5,Rohan Agarwal,2022,Lucknow,Python with Data Science,Matter teacher south class business tree green star business.,Positive,Very enthusiastic about the course,
6,Sai Mehta,2025,Lucknow,Python with AI and ML,Nature always job body along simply pretty never town goal every appear raise represent professor.,Positive,Student showed strong interest,
7,Diya Nair,2025,Noida,MERN Stack,Enough nature save either soon high production.,Positive,Student showed strong interest,
8,Ananya Yadav,2022,Noida,Python with AI and ML,Sit adult forward usually on watch alone we.,Positive,Very enthusiastic about the course,
9,Kabir Verma,2023,Lucknow,Python with Data Science,Site suggest apply it thousand catch a culture enter while almost serious evening name floor.,Positive,Very enthusiastic about the course,
10,Kavya Malhotra,2022,Noida,Python with AI and ML,None point short either now recent though training project scene first knowledge air.,Positive,Student showed strong interest,
11,Arjun Patel,2022,Lucknow,Java Full Stack,Leg mouth community reduce ready somebody natural table difficult should reflect seek single law from truth.,Positive,Student showed strong interest,
12,Saanvi Reddy,2023,Noida,Java Full Stack,Make mention film debate bar against who.,Positive,Agreed to join training,
13,Aditya Bhatia,2025,Noida,Python with Data Science,Crime him father debate news look one those religious account fish street now respond end.,Positive,Agreed to join training,
14,Kavya Malhotra,2024,Lucknow,Java Full Stack,Of race then day region body it investment.,Positive,Agreed to join training,
15,Sai Agarwal,2022,Noida,MERN Stack,Man suffer wait amount even one arrive morning poor pay test choose social.,Positive,Very enthusiastic about the course,
16,Sai Verma,2023,Noida,Python with AI and ML,So attorney sound down stay change by difference trade size.,Positive,Student showed strong interest,
17,Riya Nair,2025,Lucknow,Python with AI and ML,Performance ready argue success sense site everything over safe response light car society explain allow budget.,Positive,Very enthusiastic about the course,
18,Meera Verma,2025,Noida,Python with Data Science,Stay car ever leave up family value mind.,Positive,Very enthusiastic about the course,
19,Kabir Gupta,2024,Lucknow,Java Full Stack,Condition identify drug control western expert coach life benefit within each degree whose.,Positive,Very enthusiastic about the course,
20,Vivaan Kapoor,2025,Noida,Java Full Stack,Discuss open thank professional Congress fine single.,Positive,Agreed to join training,
21,Ishita Sharma,2022,Lucknow,MERN Stack,Success somebody place civil feel smile about create reflect close become character project others table.,Positive,Student showed strong interest,
22,Arjun Sharma,2022,Lucknow,Python with AI and ML,Paper perform risk yourself forward day must agree particular relate fly season great discussion realize rest.,Positive,Student showed strong interest,
23,Kavya Mishra,2024,Lucknow,Java Full Stack,Medical model movement note tell eye phone general fall treat relate.,Positive,Very enthusiastic about the course,
24,Krishna Nair,2024,Lucknow,Python with AI and ML,Region claim hotel majority play film claim research woman radio professor since my book.,Positive,Very enthusiastic about the course,
25,Rohan Pandey,2023,Noida,Python with Data Science,Message market tell move turn baby month yes.,Positive,Agreed to join training,
26,Priya Yadav,2025,Lucknow,MERN Stack,Despite full area successful save small she guy between magazine huge national available lot imagine.,Positive,Student showed strong interest,
27,Ananya Kumar,2024,Lucknow,Java Full Stack,First nation give teacher owner table stuff against meeting rest.,Positive,Very enthusiastic about the course,
28,Diya Mishra,2022,Noida,MERN Stack,Well go summer water reflect home a hospital sound amount.,Positive,Agreed to join training,
29,Saanvi Pandey,2023,Lucknow,MERN Stack,Above forget line several bag if human Mr agreement check.,Positive,Very enthusiastic about the course,
30,Priya Patel,2024,Noida,Python with AI and ML,Sea according draw prepare various would save fear.,Positive,Student showed strong interest,
31,Saanvi Joshi,2022,Lucknow,Python with AI and ML,Kitchen occur process she base move high foreign successful Mrs or former other majority whatever.,Positive,Very enthusiastic about the course,
32,Aditya Sharma,2025,Lucknow,Java Full Stack,Citizen car serious have director spring until difference will.,Positive,Very enthusiastic about the course,
33,Vihaan Kapoor,2024,Noida,Python with AI and ML,Center team age himself suddenly however part knowledge military other.,Positive,Student showed strong interest,
34,Krishna Nair,2025,Lucknow,Python with Data Science,Share change population my machine campaign sell near.,Positive,Agreed to join training,
35,Ananya Kapoor,2024,Lucknow,Python with AI and ML,Sign member level themselves drug community end your owner practice add agent.,Positive,Agreed to join training,
36,Priya Yadav,2022,Lucknow,Java Full Stack,Eat risk wide couple would should team say certain forward exist social so arm center.,Positive,Very enthusiastic about the course,
37,Krishna Malhotra,2025,Lucknow,Python with AI and ML,Item discuss born ago including camera no sense time red member.,Positive,Very enthusiastic about the course,
38,Ishaan Kumar,2024,Noida,Python with AI and ML,Sit end want each prove option turn pull again make.,Positive,Very enthusiastic about the course,
39,Ishaan Pandey,2025,Lucknow,MERN Stack,Build glass campaign successful both wind oil fill voice talk those method serious.,Positive,Very enthusiastic about the course,
40,Saanvi Patel,2025,Noida,MERN Stack,Generation walk teach room sign husband chance doctor huge pay politics us likely sell.,Positive,Very enthusiastic about the course,
41,Meera Mehta,2024,Noida,Java Full Stack,Democratic cup really yeah recognize check red more difficult pull purpose southern increase discuss.,Positive,Student showed strong interest,
42,Kabir Kumar,2024,Noida,MERN Stack,Point every campaign pretty building fall woman generation street foreign.,Positive,Very enthusiastic about the course,
43,Riya Pandey,2025,Noida,Python with AI and ML,Hit support feel music federal meeting maybe life help several play hotel watch pull ok.,Positive,Very enthusiastic about the course,
44,Sneha Nair,2024,Noida,Python with Data Science,Himself current challenge speak consumer gun produce continue provide call perhaps black message interesting against.,Positive,Very enthusiastic about the course,
45,Vihaan Saxena,2025,Lucknow,Python with Data Science,Remember modern hold tough really painting hit catch serve body experience entire on light find throw.,Positive,Agreed to join training,
46,Meera Nair,2022,Noida,Python with AI and ML,Morning sister traditional maybe voice democratic beyond experience lose great least the attorney.,Positive,Agreed to join training,
47,Sneha Bhatia,2023,Noida,Python with Data Science,Save order mission yeah yard the house really either.,Positive,Very enthusiastic about the course,
48,Ishita Singh,2025,Lucknow,Java Full Stack,Treat within face travel time cause necessary bar color mother relationship consumer happen safe effort environmental.,Positive,Student showed strong interest,
49,Arjun Singh,2023,Lucknow,MERN Stack,Letter measure personal player usually second condition many win within authority old.,Positive,Very enthusiastic about the course,
50,Vivaan Nair,2025,Lucknow,Python with AI and ML,Material measure their out total away voice operation writer challenge structure meet above major rich my.,Positive,Very enthusiastic about the course,
51,Riya Saxena,2024,Noida,MERN Stack,Happen ahead relate often require can method.,Positive,Very enthusiastic about the course,
52,Kavya Pandey,2025,Lucknow,MERN Stack,Join growth eat different close four mind rock build sense read rather stop strong military traditional.,Positive,Student showed strong interest,
53,Kavya Patel,2024,Lucknow,Python with AI and ML,Prepare present let Mrs generation expect task these series court great.,Positive,Very enthusiastic about the course,
54,Vivaan Kumar,2022,Lucknow,Python with Data Science,Kid develop family family young prove week visit deal.,Positive,Student showed strong interest,
55,Krishna Jain,2023,Noida,MERN Stack,Situation provide wear well thank executive best toward.,Positive,Agreed to join training,
56,Ishaan Saxena,2025,Lucknow,MERN Stack,Positive point center soldier fly daughter us occur feeling sea kind need hand.,Positive,Student showed strong interest,
57,Riya Verma,2023,Noida,MERN Stack,Daughter however view be question drop suggest activity although.,Positive,Very enthusiastic about the course,
58,Aarav Joshi,2022,Lucknow,Java Full Stack,Administration soldier trouble whose fire green material eat culture push bag.,Positive,Very enthusiastic about the course,
59,Meera Verma,2022,Lucknow,Java Full Stack,Suffer friend father instead task offer never cost camera white.,Positive,Very enthusiastic about the course,
60,Kabir Kapoor,2023,Noida,Python with AI and ML,Whole country trip tend name top though near.,Positive,Agreed to join training,
61,Priya Saxena,2024,Lucknow,Python with Data Science,Above middle knowledge a assume people bar or Mrs box fight everybody court nice.,Positive,Agreed to join training,
62,Ananya Chopra,2023,Noida,Python with Data Science,Almost old speak everyone hospital strategy policy rate art even fund mouth.,Positive,Agreed to join training,
63,Ishaan Malhotra,2022,Noida,Python with Data Science,Finish sing production stay special authority husband.,Positive,Student showed strong interest,
64,Meera Agarwal,2023,Noida,MERN Stack,Stock staff movement near market society especially or nor scene paper foot drop his air.,Positive,Student showed strong interest,
65,Vihaan Singh,2023,Lucknow,MERN Stack,Article from force firm film draw then material movie including where miss theory.,Positive,Agreed to join training,
66,Riya Mehta,2024,Noida,MERN Stack,Standard begin society painting space clearly story throw art risk myself.,Positive,Very enthusiastic about the course,
67,Aditya Singh,2022,Lucknow,Python with AI and ML,Health program lead would still service then food data again challenge western know skill there.,Positive,Agreed to join training,
68,Krishna Kapoor,2024,Noida,MERN Stack,About which hand give able sister idea rate news all movement back end send.,Positive,Student showed strong interest,
69,Aditya Pandey,2025,Noida,MERN Stack,Glass figure class phone trial candidate little buy who turn between.,Positive,Agreed to join training,
70,Aditya Mehta,2024,Lucknow,Python with AI and ML,Near Republican theory start national ahead talk establish.,Positive,Very enthusiastic about the course,
71,Rohan Mishra,2024,Lucknow,Java Full Stack,Care room audience dog particularly describe force president agent past ok gas should power career door.,Positive,Agreed to join training,
72,Ishaan Agarwal,2022,Lucknow,Python with Data Science,Benefit however including fire cold father however various politics similar also summer choice manager.,Positive,Very enthusiastic about the course,
73,Rohan Bhatia,2022,Noida,MERN Stack,Quickly indeed someone city scene course either data total.,Positive,Agreed to join training,
74,Aditya Sharma,2024,Lucknow,Python with AI and ML,Purpose job hear general site major size.,Positive,Agreed to join training,
75,Diya Jain,2025,Lucknow,Python with AI and ML,From serve could just where director by.,Positive,Agreed to join training,
76,Vivaan Bhatia,2025,Lucknow,Python with Data Science,Bed chair trade of cost Mr offer support million yet.,Positive,Very enthusiastic about the course,
77,Rohan Chopra,2024,Lucknow,Python with Data Science,Deep effort baby change administration soldier fast event eye scientist.,Positive,Agreed to join training,
78,Saanvi Kapoor,2022,Lucknow,Java Full Stack,Exist edge fear simply front explain get discussion act suddenly heart compare discussion personal.,Positive,Agreed to join training,
79,Krishna Patel,2025,Noida,Java Full Stack,Technology approach kid trial process include until movie indicate feeling together his move sell prepare top.,Positive,Very enthusiastic about the course,
80,Saanvi Agarwal,2023,Noida,Python with AI and ML,Cost threat activity best large suffer where great newspaper reduce.,Positive,Student showed strong interest,
81,Saanvi Patel,2025,Lucknow,Python with Data Science,Choose federal back keep anyone field forward several themselves hotel.,Positive,Very enthusiastic about the course,
82,Ishaan Malhotra,2023,Lucknow,Python with AI and ML,Sell yeah example economy style matter professor eye would family item book onto but.,Positive,Student showed strong interest,
83,Vivaan Nair,2023,Noida,MERN Stack,Dinner under mean media last voice current player window painting name now them.,Positive,Student showed strong interest,
84,Meera Gupta,2022,Noida,Python with AI and ML,Skill especially increase less certain dinner then agency police myself.,Positive,Very enthusiastic about the course,
85,Riya Saxena,2024,Noida,Java Full Stack,Believe argue hard our prepare figure face at goal chair modern add.,Positive,Student showed strong interest,
86,Ishita Malhotra,2024,Lucknow,Java Full Stack,Believe beat Mrs artist like take rock result group.,Positive,Agreed to join training,
87,Aditi Bhatia,2025,Lucknow,Java Full Stack,Easy her we upon stop shake sell speak they democratic every green.,Positive,Student showed strong interest,
88,Kabir Kapoor,2023,Noida,MERN Stack,Pay institution attorney design service analysis assume rule attack decision power others.,Positive,Very enthusiastic about the course,
89,Diya Pandey,2022,Lucknow,Java Full Stack,Call trouble fill late doctor loss push six low experience remain song new.,Positive,Very enthusiastic about the course,
90,Kabir Joshi,2022,Lucknow,Java Full Stack,Entire investment chair whom discussion officer participant subject student throughout save each music.,Positive,Very enthusiastic about the course,
91,Vihaan Sharma,2025,Lucknow,MERN Stack,How example share tell parent home expert nor fear forward become population.,Positive,Student showed strong interest,
92,Sai Patel,2024,Noida,Python with Data Science,Production serious success stay cause per feeling soon dream.,Positive,Agreed to join training,
93,Saanvi Patel,2023,Lucknow,Python with AI and ML,Seven tend want never American police so simply weight choice table organization cup follow any song.,Positive,Very enthusiastic about the course,
94,Priya Jain,2024,Noida,Java Full Stack,Issue admit require voice everybody finally heart condition program base least concern true without.,Positive,Very enthusiastic about the course,
95,Aditi Nair,2022,Lucknow,MERN Stack,Attorney child class would her two they open score teacher.,Positive,Student showed strong interest,
96,Aditi Patel,2025,Lucknow,Python with Data Science,Hot fish husband he scientist interesting build model reality school federal message on former factor order.,Positive,Agreed to join training,
97,Riya Malhotra,2024,Noida,Python with Data Science,Enough gas ability student I score loss six almost throughout run building she realize into.,Positive,Agreed to join training,
98,Rohan Mehta,2024,Noida,MERN Stack,Yes simply foreign middle matter six measure moment receive look.,Positive,Very enthusiastic about the course,
99,Sneha Singh,2023,Noida,Java Full Stack,Attention state ahead maybe strategy determine attack raise than oil mind development difficult recently.,Positive,Agreed to join training,
100,Ishaan Joshi,2024,Lucknow,MERN Stack,Role job lose first eye wait seven agency act five off ago cup appear enough.,Positive,Student showed strong interest,
101,Arjun Jain,2025,Lucknow,MERN Stack,Over kid page large exactly site least old or town property recognize.,Positive,Very enthusiastic about the course,
102,Sneha Reddy,2022,Noida,Java Full Stack,Catch street manage identify success recently establish compare protect degree mother those however water.,Positive,Student showed strong interest,
103,Diya Mehta,2024,Noida,Python with Data Science,Detail quite on benefit page everybody serious talk result reality check bad night ago young body.,Positive,Student showed strong interest,
104,Ishita Mehta,2024,Noida,MERN Stack,Administration beyond live TV Mr join section kind policy win difficult understand speak.,Positive,Agreed to join training,
105,Aarav Gupta,2023,Noida,Python with AI and ML,Forward interesting born style answer hospital term soldier red world.,Positive,Very enthusiastic about the course,
106,Kavya Nair,2022,Noida,MERN Stack,Especially population commercial apply would campaign we dark authority news kind a them floor must.,Positive,Agreed to join training,
107,Aditi Yadav,2022,Lucknow,Python with AI and ML,Over color turn quite effort second commercial rich put.,Positive,Student showed strong interest,
108,Sneha Reddy,2023,Lucknow,Python with AI and ML,Choose this once from take north address allow provide never city.,Positive,Very enthusiastic about the course,
109,Vivaan Kumar,2025,Lucknow,Python with Data Science,Bed family us stand leave grow process like but majority could true teach nearly.,Positive,Student showed strong interest,
110,Kavya Mishra,2023,Lucknow,Python with AI and ML,Star wear lot office red sport drop high government past character street.,Positive,Very enthusiastic about the course,
111,Vihaan Agarwal,2022,Lucknow,Java Full Stack,Professional again beat choose institution station return cold.,Positive,Agreed to join training,
112,Saanvi Mehta,2025,Noida,MERN Stack,Top generation person condition professional heavy marriage this student become fact onto hot south buy later.,Positive,Very enthusiastic about the course,
113,Priya Kumar,2023,Noida,MERN Stack,Morning happen follow nation house health after statement.,Positive,Very enthusiastic about the course,
114,Aarav Mishra,2023,Lucknow,MERN Stack,Million population wall peace quality figure onto.,Positive,Agreed to join training,
115,Sneha Verma,2025,Lucknow,Python with Data Science,No trade long important peace day knowledge student story everyone among me certain.,Positive,Agreed to join training,
116,Aditya Kumar,2023,Noida,Java Full Stack,Approach agency news class next back area everyone process.,Positive,Very enthusiastic about the course,
117,Vivaan Bhatia,2022,Noida,Python with AI and ML,Easy red unit poor assume professional body article less ok myself moment laugh research.,Positive,Very enthusiastic about the course,
118,Aditi Mehta,2024,Noida,MERN Stack,Call nature a service owner cut daughter fast.,Positive,Student showed strong interest,
119,Meera Jain,2023,Lucknow,MERN Stack,Relate modern exactly indicate who like yet focus at order accept.,Positive,Agreed to join training,
120,Aditi Sharma,2025,Noida,Python with AI and ML,Represent behavior effect hand four practice pattern their law develop color animal land plan star.,Positive,Agreed to join training,
121,Kabir Mehta,2022,Noida,Java Full Stack,Prevent remember expect whose none claim computer serious successful story.,Positive,Very enthusiastic about the course,
122,Ananya Verma,2022,Noida,Python with Data Science,Other coach other pass either none onto federal anything perform common camera.,Positive,Agreed to join training,
123,Arjun Yadav,2025,Lucknow,MERN Stack,That force book truth system effort gun.,Positive,Student showed strong interest,
124,Riya Reddy,2023,Lucknow,Java Full Stack,Technology something scientist military vote start simply again hospital already tax receive.,Positive,Agreed to join training,
125,Ananya Patel,2025,Lucknow,Java Full Stack,Space pay wish group especially economic firm leader notice specific truth much mean character.,Positive,Very enthusiastic about the course,
126,Vivaan Singh,2022,Noida,Python with AI and ML,Case but such also dream point prevent media need decision nature less even.,Positive,Very enthusiastic about the course,
127,Aditya Pandey,2025,Noida,Python with Data Science,Drop shake light assume ready until eight audience none cup end.,Positive,Very enthusiastic about the course,
128,Vivaan Patel,2023,Lucknow,Java Full Stack,Form people will less side price listen including change happen all party conference.,Positive,Agreed to join training,
129,Kavya Saxena,2022,Lucknow,Python with Data Science,Physical condition join while stop spring exist painting parent true late conference own bit ability.,Positive,Very enthusiastic about the course,
130,Vihaan Verma,2023,Noida,Python with Data Science,Give probably two catch fear consider central himself successful too heavy glass.,Positive,Agreed to join training,
131,Priya Kumar,2024,Lucknow,MERN Stack,Dinner let to leg present real medical they yard image analysis.,Positive,Student showed strong interest,
132,Krishna Jain,2022,Lucknow,Python with Data Science,Loss PM argue catch article though method message weight light.,Positive,Student showed strong interest,
133,Arjun Mishra,2023,Lucknow,Python with Data Science,Necessary like soldier reflect bar a area because exist man step take certainly age rather.,Positive,Agreed to join training,
134,Sai Saxena,2024,Lucknow,Python with Data Science,Reduce exist industry near fine situation wind value vote within ready.,Positive,Very enthusiastic about the course,
135,Diya Bhatia,2023,Noida,Python with Data Science,Record southern scientist science include energy race control ground may true yard buy born paper.,Positive,Student showed strong interest,
136,Meera Pandey,2024,Noida,Java Full Stack,Such task movie push many blood out if spring table similar live clearly herself.,Positive,Very enthusiastic about the course,
137,Ishita Chopra,2025,Noida,MERN Stack,Company then which hit management else far surface remember.,Positive,Very enthusiastic about the course,
138,Sneha Agarwal,2025,Noida,Python with Data Science,Before realize actually thank race bit security sometimes she skill company over school.,Positive,Very enthusiastic about the course,
139,Kabir Chopra,2024,Noida,MERN Stack,Usually discussion concern concern particularly save check black agent.,Positive,Student showed strong interest,
140,Aditya Saxena,2024,Noida,Python with AI and ML,Between collection Democrat forget huge us fly.,Positive,Agreed to join training,
141,Krishna Bhatia,2024,Lucknow,Java Full Stack,Material find me put support security your fund image indicate body.,Positive,Very enthusiastic about the course,
142,Kavya Mehta,2024,Noida,Python with AI and ML,Production decade upon outside threat easy red commercial writer.,Positive,Agreed to join training,
143,Aarav Jain,2024,Noida,Java Full Stack,Happy technology clear know down his whatever.,Positive,Very enthusiastic about the course,
144,Ishaan Verma,2023,Lucknow,Java Full Stack,Cover catch myself or relate already again high management parent century tonight TV if.,Positive,Student showed strong interest,
145,Vihaan Singh,2025,Lucknow,Python with Data Science,Officer church surface value weight director side choice.,Positive,Student showed strong interest,
146,Priya Patel,2022,Lucknow,Java Full Stack,Agency fill finally partner two sing seat them.,Positive,Student showed strong interest,
147,Ananya Mehta,2025,Lucknow,Java Full Stack,Stand including single raise yourself talk whether drug debate contain fish hand director.,Positive,Student showed strong interest,
148,Riya Mehta,2024,Lucknow,Python with Data Science,Too begin chair social poor hospital yet break message degree.,Positive,Agreed to join training,
149,Riya Kapoor,2023,Noida,Python with AI and ML,Successful wife level morning across try this fine total.,Positive,Agreed to join training,
150,Aarav Singh,2022,Lucknow,Python with AI and ML,Air reality course out say environment manager maintain figure social.,Positive,Agreed to join training,
151,Ishaan Yadav,2025,Noida,Java Full Stack,Wait material west operation character unit marriage blood whether raise night seek sister expect draw once.,Positive,Student showed strong interest,
152,Rohan Joshi,2023,Noida,Python with AI and ML,Me left because natural recognize near safe within camera night front so change try short.,Positive,Agreed to join training,
153,Sai Bhatia,2022,Noida,Java Full Stack,No base appear can she throw down model.,Positive,Very enthusiastic about the course,
154,Kabir Nair,2025,Lucknow,MERN Stack,Within just evidence live of understand might authority which tough suddenly itself serious hit color.,Positive,Student showed strong interest,
155,Kabir Sharma,2024,Lucknow,Python with AI and ML,Yes purpose data protect none activity better property quickly voice visit worry live business better product.,Positive,Student showed strong interest,
156,Arjun Mehta,2024,Noida,Python with Data Science,Voice large wind require later at we sister system story possible imagine worker never almost.,Positive,Student showed strong interest,
157,Aarav Verma,2023,Lucknow,MERN Stack,Tonight beyond customer movie prevent necessary thus Democrat.,Positive,Student showed strong interest,
158,Kabir Malhotra,2025,Noida,MERN Stack,Walk interesting keep guess the great interest card.,Positive,Student showed strong interest,
159,Vihaan Joshi,2024,Lucknow,Java Full Stack,Level break go happy believe little poor exist force.,Positive,Very enthusiastic about the course,
160,Kabir Malhotra,2025,Lucknow,Python with AI and ML,Baby those politics argue heart indicate rise same.,Positive,Student showed strong interest,
161,Priya Nair,2023,Lucknow,Java Full Stack,Service share range first science nearly process we officer leg will.,Positive,Agreed to join training,
162,Krishna Mishra,2024,Lucknow,Python with Data Science,Actually each study play rate forward husband population cultural finally state glass.,Positive,Agreed to join training,
163,Priya Agarwal,2022,Lucknow,Python with Data Science,Foot establish live husband investment democratic everybody rise young all memory style loss.,Positive,Very enthusiastic about the course,
164,Arjun Kapoor,2023,Noida,Java Full Stack,Cell relate amount gun father light meet civil.,Positive,Very enthusiastic about the course,
165,Riya Mehta,2025,Lucknow,Java Full Stack,Picture send speak whole head remember fill stock family tend too hot magazine require itself.,Positive,Student showed strong interest,
166,Ishaan Kapoor,2022,Lucknow,Python with AI and ML,Money family attention physical different officer serve decade line ago song light force.,Positive,Agreed to join training,
167,Ananya Yadav,2022,Noida,Python with AI and ML,None maybe significant price there degree however heart piece process.,Positive,Student showed strong interest,
168,Ishaan Kumar,2024,Noida,Java Full Stack,Building often drive still structure face series Congress bit art send job box whether dark.,Positive,Agreed to join training,
169,Ishita Pandey,2023,Noida,Python with Data Science,Window civil marriage space fall of main stock likely worry her maintain.,Positive,Very enthusiastic about the course,
170,Diya Jain,2025,Noida,MERN Stack,So main gun budget much than wear theory his per piece education man leg record drop.,Positive,Student showed strong interest,
171,Aditya Saxena,2024,Noida,MERN Stack,Hotel task guess hospital list as dream hold be.,Positive,Student showed strong interest,
172,Vivaan Jain,2022,Lucknow,Python with AI and ML,Standard state full mean in image without account raise.,Positive,Student showed strong interest,
173,Rohan Agarwal,2022,Lucknow,Python with AI and ML,Instead continue middle reduce child buy share condition require perform name within song theory.,Positive,Agreed to join training,
174,Krishna Kumar,2024,Noida,Python with Data Science,Late there address above degree stand wait usually month name measure me relate drop fight.,Positive,Very enthusiastic about the course,
175,Ishaan Reddy,2023,Noida,Python with Data Science,Purpose civil clear foot cause address put part network hard late seek radio.,Positive,Agreed to join training,
176,Arjun Mishra,2023,Lucknow,Python with AI and ML,Book world sit population care gas or firm have theory reach white hot list.,Positive,Very enthusiastic about the course,
177,Aarav Chopra,2022,Lucknow,Java Full Stack,Business throw her education deal major quite.,Positive,Agreed to join training,
178,Krishna Joshi,2025,Noida,Python with AI and ML,Create drug nation draw along group present theory reflect marriage.,Positive,Agreed to join training,
179,Aditi Sharma,2025,Lucknow,Python with Data Science,Debate wear just now bring hit total good physical provide leg spring.,Positive,Agreed to join training,
180,Ishaan Reddy,2025,Noida,Java Full Stack,Member board blood later later whether certainly quality energy garden executive create production knowledge.,Positive,Student showed strong interest,
181,Vihaan Joshi,2024,Lucknow,MERN Stack,Audience wait century enough tax hand sit very court.,Positive,Very enthusiastic about the course,
182,Meera Saxena,2025,Lucknow,Java Full Stack,Stuff Congress indicate son eight north sometimes.,Positive,Very enthusiastic about the course,
183,Sai Nair,2024,Lucknow,Python with Data Science,Report line through only person put response determine bad southern today cell discover watch herself.,Positive,Agreed to join training,
184,Arjun Chopra,2022,Noida,Python with AI and ML,Value conference when behavior subject lay true field stock.,Positive,Very enthusiastic about the course,
185,Vihaan Mehta,2022,Lucknow,Python with Data Science,However international sign cup close spring politics say hospital control whether without three player.,Positive,Agreed to join training,
186,Meera Malhotra,2022,Noida,Python with AI and ML,Sure attention east treatment author available know race left item.,Positive,Very enthusiastic about the course,
187,Rohan Agarwal,2025,Lucknow,MERN Stack,Relate issue some toward themselves group morning close career beautiful small another most sometimes ground.,Positive,Agreed to join training,
188,Kavya Jain,2024,Noida,Python with AI and ML,Second so notice miss painting top federal plant add these sound could.,Positive,Agreed to join training,
189,Meera Agarwal,2024,Lucknow,Python with AI and ML,Leader risk level like rise drive once doctor lose each door size out.,Positive,Agreed to join training,
190,Sai Malhotra,2023,Noida,MERN Stack,Prepare ahead beat plan number few million movie available.,Positive,Very enthusiastic about the course,
191,Ananya Patel,2024,Lucknow,Java Full Stack,Stay against beyond such simply special at young hit want social company.,Positive,Very enthusiastic about the course,
192,Ishaan Gupta,2022,Noida,Python with AI and ML,Of toward executive think job right perhaps.,Positive,Student showed strong interest,
193,Ananya Yadav,2022,Noida,Python with AI and ML,Film growth smile stand these buy standard.,Positive,Student showed strong interest,
194,Vivaan Chopra,2022,Lucknow,Python with Data Science,Game chance mission may rise family area finish true tonight.,Positive,Very enthusiastic about the course,
195,Kavya Singh,2023,Lucknow,Java Full Stack,Whether open writer while home fight add agent available.,Positive,Very enthusiastic about the course,
196,Sai Gupta,2023,Lucknow,Python with AI and ML,Soon short beautiful different notice matter various movement suffer heart end rule on listen police.,Positive,Student showed strong interest,
197,Riya Mehta,2022,Noida,Python with AI and ML,Agency present pass score area opportunity hope economy dream.,Positive,Very enthusiastic about the course,
198,Rohan Gupta,2022,Lucknow,Java Full Stack,Character ground water policy front forget change plant place.,Positive,Agreed to join training,
199,Riya Verma,2023,Noida,Python with Data Science,Wish pick agree cover nation wish lead source significant offer vote guy middle sea enter soon.,Positive,Agreed to join training,
200,Diya Sharma,2023,Noida,Java Full Stack,Box far it door painting friend couple nor behind good budget continue according after surface.,Positive,Student showed strong interest,
201,Vivaan Kumar,2022,Noida,Python with Data Science,Trade above center interview serve hand must garden sell bill sister key.,Positive,Very enthusiastic about the course,
202,Riya Patel,2025,Noida,Python with AI and ML,Rate approach its accept it coach teacher away available coach policy.,Positive,Agreed to join training,
203,Ishita Jain,2025,Lucknow,Python with AI and ML,Bag share serve a feel statement staff water common.,Positive,Student showed strong interest,
204,Priya Gupta,2023,Noida,Java Full Stack,Other adult hope member impact create interesting point end loss piece film have game past.,Positive,Student showed strong interest,
205,Vihaan Saxena,2025,Lucknow,Python with AI and ML,Have each machine film yes by Republican.,Positive,Agreed to join training,
206,Arjun Agarwal,2023,Noida,Python with Data Science,Fly central design store wall hard wrong can traditional.,Positive,Agreed to join training,
207,Riya Kumar,2022,Noida,Python with Data Science,Improve memory seat hope evening Congress color ask south movement light meet experience easy.,Positive,Very enthusiastic about the course,
208,Sai Reddy,2024,Noida,Python with AI and ML,Star lead its figure raise happen miss find anything.,Positive,Very enthusiastic about the course,
209,Diya Pandey,2023,Noida,Python with AI and ML,City air almost use book street stock everything election such arm price even young figure.,Positive,Student showed strong interest,
210,Ishaan Mishra,2023,Lucknow,Python with Data Science,Choose computer red brother later explain ahead soon book reality include understand federal offer.,Positive,Very enthusiastic about the course,
211,Rohan Malhotra,2022,Lucknow,Python with Data Science,Ready hospital face choice power within rich current break avoid onto expert song memory member.,Positive,Very enthusiastic about the course,
212,Vihaan Reddy,2024,Lucknow,Java Full Stack,Board try successful structure oil month debate guy read spring radio population young more affect recent.,Positive,Very enthusiastic about the course,
213,Diya Gupta,2022,Noida,Python with Data Science,Recognize production almost national radio I service anything.,Positive,Agreed to join training,
214,Meera Bhatia,2025,Noida,MERN Stack,Step protect five accept skin write increase according attorney.,Positive,Student showed strong interest,
215,Rohan Singh,2022,Noida,Python with AI and ML,Feeling mind size what drop identify hot free billion seat.,Positive,Student showed strong interest,
216,Vivaan Yadav,2025,Noida,Java Full Stack,Small everything improve while return present already face partner live own.,Positive,Agreed to join training,
217,Aarav Saxena,2025,Lucknow,Java Full Stack,Pattern resource street add leave four tend paper fall production executive establish activity.,Positive,Student showed strong interest,
218,Aditi Mehta,2023,Noida,Python with AI and ML,Age kid bed camera floor environment need reality specific onto.,Positive,Student showed strong interest,
219,Krishna Kumar,2023,Noida,Python with Data Science,Election article half although card water far change magazine production.,Positive,Very enthusiastic about the course,
220,Riya Patel,2023,Lucknow,Python with Data Science,Stand major firm say prevent fact evidence choose able store yourself north question reflect smile simply.,Positive,Agreed to join training,
221,Aarav Saxena,2024,Noida,Java Full Stack,Author base together key wall relationship change you.,Positive,Student showed strong interest,
222,Vihaan Sharma,2022,Noida,Python with AI and ML,Page tax weight between brother anyone house collection public.,Positive,Student showed strong interest,
223,Vihaan Joshi,2024,Noida,Python with AI and ML,Goal set look protect trial listen past amount mission Congress director argue court.,Positive,Very enthusiastic about the course,
224,Arjun Agarwal,2024,Lucknow,Python with Data Science,Table season with run within stage eye commercial north still result short laugh similar.,Positive,Agreed to join training,
225,Krishna Sharma,2022,Noida,Python with AI and ML,Ability once wind drug its serious key eat seven course country among its per anything prevent.,Positive,Agreed to join training,
226,Saanvi Joshi,2023,Noida,Java Full Stack,Old hope forget left be worry debate him nor skin necessary.,Positive,Very enthusiastic about the course,
227,Priya Bhatia,2023,Lucknow,MERN Stack,Treatment staff plan north us feel season check second majority inside month.,Positive,Agreed to join training,
228,Saanvi Kapoor,2025,Noida,Java Full Stack,Camera out company general significant professional play fear whom special yes term compare song clearly.,Positive,Very enthusiastic about the course,
229,Ananya Mehta,2025,Lucknow,Python with Data Science,Certainly yet party and lay political hot trouble.,Positive,Student showed strong interest,
230,Krishna Malhotra,2024,Lucknow,Python with Data Science,Least grow through them dog shoulder technology man control project energy.,Positive,Agreed to join training,
231,Meera Mishra,2023,Lucknow,Python with Data Science,End physical stay nice move draw usually question think four while population card turn main.,Positive,Agreed to join training,
232,Vivaan Verma,2022,Noida,MERN Stack,General gas form conference radio paper student actually sing provide ten early game eye where.,Positive,Very enthusiastic about the course,
233,Aditya Sharma,2022,Noida,Java Full Stack,Rock better behavior series power project policy baby truth explain card safe loss trade both environmental.,Positive,Student showed strong interest,
234,Saanvi Bhatia,2022,Noida,Python with Data Science,Difficult want have computer her house recent because.,Positive,Student showed strong interest,
235,Rohan Singh,2024,Lucknow,Python with Data Science,Than walk heart manager decision to attorney charge really strategy plan chair mouth water.,Positive,Very enthusiastic about the course,
236,Aditi Sharma,2024,Noida,Java Full Stack,Group reduce common live after change nothing social size sister matter between alone care marriage kid.,Positive,Agreed to join training,
237,Vihaan Reddy,2022,Noida,Python with AI and ML,School institution race company take yes technology especially.,Positive,Student showed strong interest,
238,Aditi Agarwal,2024,Noida,Python with AI and ML,Defense kid by floor evening plant campaign finally.,Positive,Student showed strong interest,
239,Saanvi Kumar,2022,Lucknow,MERN Stack,Yard practice take analysis hold fast teacher court fact.,Positive,Student showed strong interest,
240,Arjun Mehta,2024,Noida,Python with AI and ML,Answer offer person part central start start visit.,Positive,Agreed to join training,
241,Priya Saxena,2024,Lucknow,Python with Data Science,West talk fear player protect hundred simply later suddenly.,Positive,Student showed strong interest,
242,Kavya Yadav,2023,Lucknow,Java Full Stack,Let law wall police thus environment society office add market effect structure his citizen activity.,Positive,Agreed to join training,
243,Meera Pandey,2025,Noida,MERN Stack,In have skin partner leader economy couple successful them up body skill his technology region.,Positive,Student showed strong interest,
244,Ishita Verma,2023,Noida,MERN Stack,Require water address own art thank down.,Positive,Very enthusiastic about the course,
245,Aditi Pandey,2024,Lucknow,Python with Data Science,Talk citizen quite want anything develop talk reveal market land end good international consider.,Positive,Agreed to join training,
246,Diya Joshi,2023,Noida,Java Full Stack,Series similar check fund soon themselves field once have hear professor beyond.,Positive,Very enthusiastic about the course,
247,Riya Agarwal,2023,Lucknow,Python with AI and ML,Live any professional security girl off act role church writer.,Positive,Very enthusiastic about the course,
248,Aditya Malhotra,2024,Lucknow,Java Full Stack,Management minute real expert continue tonight together staff purpose forward paper here great throughout science.,Positive,Student showed strong interest,
249,Aditi Chopra,2025,Lucknow,Python with AI and ML,Office build those dog arrive project professional national decade national true.,Positive,Agreed to join training,
250,Priya Mehta,2024,Noida,Java Full Stack,Weight clearly reveal during appear but nation bag say nice leave exist push practice society.,Positive,Student showed strong interest,
251,Ishaan Yadav,2024,Lucknow,Java Full Stack,North sport her miss tonight exist cup name suddenly floor kitchen on maintain field national report.,Positive,Student showed strong interest,
252,Kavya Yadav,2024,Lucknow,Python with Data Science,Still establish economy off mean news natural way hot night girl.,Positive,Agreed to join training,
253,Saanvi Verma,2025,Lucknow,MERN Stack,Various forget organization could at station discover between focus should owner son thousand.,Positive,Student showed strong interest,
254,Priya Jain,2024,Noida,Python with Data Science,Discuss impact bed they different analysis less write training whole drive blue.,Positive,Student showed strong interest,
255,Priya Gupta,2023,Lucknow,Java Full Stack,Stand professional lot student main treatment center season cup where crime approach wear star consumer.,Positive,Student showed strong interest,
256,Ishita Malhotra,2024,Noida,Python with AI and ML,Worry reduce wonder often discuss later statement avoid entire human.,Positive,Student showed strong interest,
257,Priya Bhatia,2024,Lucknow,MERN Stack,Fine sister perhaps find agent number machine buy.,Positive,Agreed to join training,
258,Ishita Mishra,2024,Noida,Python with Data Science,Surface story need hand face claim collection story according view suddenly adult.,Positive,Student showed strong interest,
259,Rohan Yadav,2024,Lucknow,Python with AI and ML,Who particular when technology assume book very teach.,Positive,Very enthusiastic about the course,
260,Saanvi Mehta,2025,Noida,Python with AI and ML,Run notice actually drive sport itself capital place call soon common this rise keep when.,Positive,Student showed strong interest,
261,Aarav Nair,2025,Lucknow,Java Full Stack,Produce save program who he how sell raise old along.,Positive,Student showed strong interest,
262,Kavya Reddy,2025,Noida,Python with AI and ML,Few so war road choose alone share candidate hit value however unit than back.,Positive,Agreed to join training,
263,Ananya Agarwal,2025,Noida,Python with AI and ML,Reduce line factor language chance military down yeah sometimes provide.,Positive,Student showed strong interest,
264,Kavya Saxena,2023,Noida,MERN Stack,He clearly number air nearly personal knowledge window memory network institution.,Positive,Agreed to join training,
265,Ananya Bhatia,2023,Lucknow,Java Full Stack,Oil experience table discover worker analysis tonight field own keep much person necessary door bad.,Positive,Student showed strong interest,
266,Sneha Sharma,2024,Lucknow,Python with AI and ML,True provide mention significant place the wind five ever us range kid authority.,Positive,Student showed strong interest,
267,Ananya Gupta,2023,Noida,Java Full Stack,You subject thus Republican accept prepare himself dark change business one movie or significant.,Positive,Student showed strong interest,
268,Kavya Reddy,2022,Lucknow,Python with AI and ML,Mrs herself production result factor fill investment senior woman with hundred story.,Positive,Student showed strong interest,
269,Riya Patel,2025,Noida,Python with Data Science,Nearly same seven walk success seem establish down movie fast dinner others.,Positive,Agreed to join training,
270,Vihaan Jain,2025,Lucknow,Python with AI and ML,Major magazine feel alone stock wish nation strong place court policy president follow term man.,Positive,Agreed to join training,
271,Ishaan Verma,2022,Noida,Python with Data Science,Past lay capital room place this personal magazine citizen.,Positive,Very enthusiastic about the course,
272,Aditi Kapoor,2022,Lucknow,Python with Data Science,Recognize source dog recent else cultural hope local challenge physical material many out.,Positive,Agreed to join training,
273,Ishita Reddy,2025,Lucknow,Python with Data Science,Wish magazine agree among approach scene he hard imagine seven new prove whole always man.,Positive,Very enthusiastic about the course,
274,Diya Kumar,2023,Lucknow,Python with Data Science,Pretty safe purpose read outside building front environment population.,Positive,Very enthusiastic about the course,
275,Ananya Joshi,2023,Lucknow,Python with AI and ML,Final official you simple worker word theory politics store attorney soldier.,Positive,Student showed strong interest,
276,Ishita Nair,2023,Lucknow,Python with AI and ML,Senior customer myself off night blood purpose court.,Positive,Agreed to join training,
277,Meera Malhotra,2025,Noida,Python with Data Science,Want teacher trial major player serve study space impact and senior describe.,Positive,Student showed strong interest,
278,Aditi Joshi,2023,Noida,MERN Stack,Give study sure knowledge PM lose part fill read fish shoulder middle off rest create matter.,Positive,Very enthusiastic about the course,
279,Priya Patel,2023,Noida,Python with AI and ML,Information test when bad really government least administration.,Positive,Very enthusiastic about the course,
280,Priya Jain,2025,Noida,Python with Data Science,South stock shake tonight condition fish work deal economy foot draw stage in.,Positive,Very enthusiastic about the course,
281,Sai Bhatia,2023,Lucknow,Java Full Stack,Much pretty wait building interesting opportunity necessary at anyone send cultural billion chance good.,Positive,Student showed strong interest,
282,Diya Nair,2024,Noida,Python with Data Science,Without give enter institution sometimes town body.,Positive,Very enthusiastic about the course,
283,Arjun Yadav,2024,Noida,Java Full Stack,Mother live test stay color country beyond gas course fill now once.,Positive,Very enthusiastic about the course,
284,Vihaan Malhotra,2023,Noida,Java Full Stack,Yourself compare wrong add different sell image development life sound miss now point marriage position.,Positive,Agreed to join training,
285,Aditya Kumar,2023,Noida,Java Full Stack,Attack popular Republican answer work drop responsibility yard administration total.,Positive,Very enthusiastic about the course,
286,Riya Kapoor,2024,Noida,Java Full Stack,Police budget many fall sign piece wife up plan.,Positive,Very enthusiastic about the course,
287,Ishita Sharma,2024,Lucknow,MERN Stack,Many property hold forget choose side off soldier spring news quickly ready building.,Positive,Student showed strong interest,
288,Diya Joshi,2023,Lucknow,Python with Data Science,Stage speak commercial hit sport various middle continue wish boy oil building.,Positive,Student showed strong interest,
289,Kabir Joshi,2025,Lucknow,Python with Data Science,Structure can on wide wonder value experience guess author mention today heavy someone.,Positive,Very enthusiastic about the course,
290,Meera Gupta,2024,Lucknow,Java Full Stack,Reality sell apply wish page buy next ready recent.,Positive,Student showed strong interest,
291,Ishaan Mehta,2024,Noida,Python with Data Science,Local end thing born name live toward leave my teach size player discussion station center.,Positive,Agreed to join training,
292,Vivaan Kapoor,2024,Lucknow,Python with AI and ML,Easy nor special natural pick economy on eight lose image pay detail capital.,Positive,Agreed to join training,
293,Arjun Nair,2023,Lucknow,Java Full Stack,First I anything although back time however whole executive above down.,Positive,Student showed strong interest,
294,Kabir Sharma,2023,Noida,Python with Data Science,Look campaign thought hard goal organization region American relationship image bring it eight reach member system.,Positive,Agreed to join training,
295,Priya Mehta,2023,Lucknow,Java Full Stack,Interesting relationship believe company leader same bag number leg same affect.,Positive,Agreed to join training,
296,Ishaan Mishra,2025,Lucknow,MERN Stack,Write modern until wrong radio answer organization themselves relate city station such visit.,Positive,Very enthusiastic about the course,
297,Aditya Verma,2023,Lucknow,Java Full Stack,Whatever than what another a marriage training end.,Positive,Agreed to join training,
298,Ishita Nair,2025,Noida,Python with AI and ML,Rich commercial forget talk leg also many.,Positive,Agreed to join training,
299,Sneha Malhotra,2025,Lucknow,Python with AI and ML,Actually catch difficult since front media president president film month mouth tough miss authority.,Positive,Agreed to join training,
300,Kavya Nair,2023,Lucknow,Python with AI and ML,Possible learn benefit design baby appear identify stay matter.,Positive,Agreed to join training,
301,Ishita Agarwal,2024,Lucknow,Java Full Stack,Sing friend last specific inside establish majority full detail.,Positive,Student showed strong interest,
302,Priya Saxena,2024,Noida,MERN Stack,More magazine president put agree grow since really close firm.,Positive,Student showed strong interest,
303,Aditi Chopra,2023,Lucknow,Java Full Stack,Seem significant health bank go physical strong.,Positive,Agreed to join training,
304,Ishaan Mehta,2024,Noida,Java Full Stack,At shoulder candidate along thing goal future their program about relate.,Positive,Agreed to join training,
305,Vihaan Kapoor,2024,Lucknow,MERN Stack,Would total fire executive themselves action allow store suffer.,Positive,Agreed to join training,
306,Arjun Agarwal,2025,Noida,Python with AI and ML,Though trade move answer test Democrat fear expect travel evidence animal really best big might.,Positive,Student showed strong interest,
307,Saanvi Bhatia,2023,Noida,Java Full Stack,Gun event for close level although house prevent none.,Positive,Very enthusiastic about the course,
308,Aarav Pandey,2025,Noida,Python with Data Science,Natural follow weight because give government make hospital four think statement series whatever why yeah market.,Positive,Very enthusiastic about the course,
309,Diya Pandey,2022,Noida,Python with Data Science,Its keep wind painting this level national.,Positive,Very enthusiastic about the course,
310,Sai Reddy,2025,Noida,MERN Stack,Would free open professor draw firm day.,Positive,Very enthusiastic about the course,
311,Vivaan Jain,2025,Noida,MERN Stack,Resource half decade model himself determine state result kitchen anyone every.,Positive,Very enthusiastic about the course,
312,Riya Saxena,2022,Lucknow,Python with AI and ML,Movement statement north war region father machine turn within start sit serve the door.,Positive,Very enthusiastic about the course,
313,Aarav Malhotra,2023,Noida,MERN Stack,Participant note light onto edge doctor bar only.,Positive,Agreed to join training,
314,Arjun Patel,2024,Noida,Java Full Stack,Water believe cup run billion turn sell item marriage.,Positive,Student showed strong interest,
315,Aditi Kapoor,2024,Lucknow,MERN Stack,Animal get strong carry center sit blood chair live read cover determine drug tree.,Positive,Very enthusiastic about the course,
316,Aditi Agarwal,2022,Lucknow,Python with AI and ML,Fine compare perform animal reveal TV raise full color per.,Positive,Agreed to join training,
317,Aditi Singh,2024,Lucknow,Python with AI and ML,Point become risk dinner face read develop.,Positive,Agreed to join training,
318,Riya Malhotra,2024,Lucknow,Python with Data Science,Court later structure against you evening turn large draw Democrat say weight.,Positive,Very enthusiastic about the course,
319,Priya Patel,2024,Lucknow,Java Full Stack,Bed student couple economic interesting quickly experience prove.,Positive,Student showed strong interest,
320,Krishna Sharma,2023,Lucknow,Python with Data Science,Early guy keep picture director there become issue.,Positive,Student showed strong interest,
321,Meera Bhatia,2022,Noida,Python with AI and ML,Current several its reach now other assume child already.,Positive,Agreed to join training,
322,Riya Joshi,2023,Lucknow,Python with AI and ML,Personal list more police apply war next ok door challenge.,Positive,Student showed strong interest,
323,Arjun Jain,2024,Noida,MERN Stack,Sometimes win finish which PM would pick local hope less read.,Positive,Student showed strong interest,
324,Aditya Saxena,2023,Lucknow,Python with Data Science,Vote operation today simply wonder modern much oil kitchen start science yes create.,Positive,Very enthusiastic about the course,
325,Aarav Sharma,2023,Noida,Python with AI and ML,Page certain home decide side control future give professor receive suddenly Democrat.,Positive,Student showed strong interest,
326,Sai Chopra,2024,Lucknow,MERN Stack,Process threat question also water responsibility degree program coach.,Positive,Agreed to join training,
327,Aarav Kumar,2024,Noida,Java Full Stack,Off your realize score grow they heart group consider involve ago parent quickly its top.,Positive,Student showed strong interest,
328,Aditi Chopra,2025,Lucknow,Python with Data Science,Western business any majority great pattern in investment get threat whose year career listen phone skin.,Positive,Student showed strong interest,
329,Ishita Patel,2022,Lucknow,Java Full Stack,Yes speech only again even arm billion store.,Positive,Agreed to join training,
330,Arjun Nair,2025,Lucknow,Python with AI and ML,Test bag without far discussion start part third above seven girl arm field identify.,Positive,Very enthusiastic about the course,
331,Aditi Mehta,2022,Noida,Python with Data Science,Whole design us need receive sure end student no could Republican.,Positive,Agreed to join training,
332,Vivaan Mehta,2022,Noida,Python with Data Science,State water up foot night with next account manager news a court inside test.,Positive,Very enthusiastic about the course,
333,Diya Gupta,2023,Noida,Java Full Stack,Though often increase bag end see give thing magazine late nice story account prepare once bag.,Positive,Very enthusiastic about the course,
334,Vihaan Bhatia,2024,Noida,MERN Stack,Stay like see key animal our game arrive suggest concern guess affect.,Negative,Will not join,
335,Rohan Saxena,2025,Noida,Java Full Stack,Book sing store rather item start per week present eye.,Negative,Found fees too high,
336,Sneha Sharma,2025,Lucknow,Python with Data Science,Source shake laugh maybe foreign report mind per improve say and stand next.,Negative,Not interested in training,
337,Ananya Jain,2022,Lucknow,Java Full Stack,Too general as doctor tree Congress lot head enough defense agency worker local real.,Negative,Will not join,
338,Ananya Singh,2022,Noida,Java Full Stack,Simply your necessary guy camera if serve begin very ok guy old today appear she.,Negative,Not interested in training,
339,Arjun Patel,2023,Noida,Python with AI and ML,He meeting adult benefit east management explain head evening let boy.,Negative,Not interested in training,
340,Ishaan Agarwal,2024,Noida,Java Full Stack,Image drive produce summer realize often result us action Republican firm concern letter specific.,Negative,Will not join,
341,Krishna Nair,2025,Noida,Java Full Stack,Eye official low natural pretty wear affect him Democrat wait card day population ready rock section.,Negative,Found fees too high,
342,Aarav Pandey,2022,Lucknow,Python with Data Science,Keep clearly field cup and bar up.,Negative,Will not join,
343,Sneha Joshi,2022,Noida,Java Full Stack,Someone establish voice bring section season change stuff mouth successful seek what.,Negative,Not interested in training,
344,Aditya Agarwal,2025,Noida,Python with Data Science,Voice enough between decade pull take girl high light product.,Negative,Found fees too high,
345,Sai Kapoor,2023,Lucknow,MERN Stack,Help accept drug indicate everyone other necessary line get.,Negative,Will not join,
346,Meera Patel,2023,Noida,MERN Stack,Must effect base mean ready this as radio true person.,Negative,Found fees too high,
347,Aarav Yadav,2023,Noida,Python with AI and ML,West drive today amount return performance inside for change catch however look their save join.,Negative,Will not join,
348,Sneha Gupta,2024,Lucknow,MERN Stack,Paper with soldier hold home very talk.,Negative,Not interested in training,
349,Kabir Verma,2023,Noida,MERN Stack,Rest week office employee admit nor meeting.,Negative,Found fees too high,
350,Aditi Yadav,2025,Noida,MERN Stack,Friend still herself happen several lot than discuss strategy after serve nation build week audience why.,Negative,Not interested in training,
351,Ananya Nair,2022,Lucknow,MERN Stack,Tough try within other method concern experience least administration consumer rich compare.,Negative,Found fees too high,
352,Rohan Gupta,2025,Noida,Java Full Stack,Lose player record worker least become law word paper tree teach.,Negative,Will not join,
353,Meera Bhatia,2023,Noida,Python with AI and ML,Evidence real past question film bit herself son property doctor various information almost set today where.,Negative,Not interested in training,
354,Riya Pandey,2022,Lucknow,Java Full Stack,Lot care glass play avoid really specific write leader win while cell food positive.,Negative,Will not join,
355,Ishita Chopra,2025,Noida,MERN Stack,Bring area political military than color parent increase if six say act.,Negative,Not interested in training,
356,Ishita Reddy,2022,Noida,MERN Stack,Consider carry floor even kind smile hotel strong.,Negative,Not interested in training,
357,Meera Kapoor,2022,Noida,Python with Data Science,Security blood provide build process office major later.,Negative,Not interested in training,
358,Sneha Mehta,2023,Lucknow,Python with Data Science,Available wear physical up perform safe us third will break foot you authority record body why.,Negative,Will not join,
359,Kabir Malhotra,2023,Noida,Python with Data Science,Else expert military cause pretty hear significant agree no.,Negative,Will not join,
360,Diya Patel,2024,Lucknow,Python with Data Science,Force break more you say statement Democrat together boy author establish.,Negative,Not interested in training,
361,Ishaan Malhotra,2022,Noida,Python with Data Science,Lead early wrong again condition box him.,Negative,Found fees too high,
362,Aditi Chopra,2024,Lucknow,MERN Stack,Design community hard father employee work clear put huge.,Negative,Not interested in training,
363,Vihaan Gupta,2024,Noida,Python with Data Science,Later scientist fact drive bank believe stand.,Negative,Found fees too high,
364,Diya Patel,2022,Noida,MERN Stack,Myself five Mrs require network exist manager idea bad.,Negative,Found fees too high,
365,Aditya Verma,2023,Lucknow,Python with Data Science,Book figure party prepare thousand next Mr when.,Negative,Not interested in training,
366,Krishna Mehta,2023,Noida,Python with Data Science,By rather mind cell shoulder avoid peace important hit detail.,Negative,Not interested in training,
367,Meera Singh,2025,Lucknow,Python with Data Science,Your discuss charge help light hard quite create set visit reality good attention say.,Negative,Found fees too high,
368,Aditi Saxena,2023,Noida,Java Full Stack,Pull threat commercial lay north each why sea write plant turn attack around call red.,Negative,Found fees too high,
369,Krishna Pandey,2022,Lucknow,Python with AI and ML,Form item nor method any president realize still age would discover yeah current morning.,Negative,Will not join,
370,Ananya Agarwal,2022,Noida,Python with Data Science,Father issue consider expert feeling however scientist.,Negative,Will not join,
371,Sneha Malhotra,2023,Noida,MERN Stack,Economy participant serious through decision difference from about among box report seem speech develop.,Negative,Found fees too high,
372,Aditya Reddy,2022,Noida,Java Full Stack,Commercial leg number rather clear scene when later soon message benefit where cell attention sport home.,Negative,Not interested in training,
373,Ananya Gupta,2024,Noida,Python with Data Science,Environment phone nearly keep size owner economy shoulder great goal Mr.,Negative,Will not join,
374,Meera Patel,2023,Noida,Python with Data Science,Debate others mouth claim my sort hot meet.,Negative,Found fees too high,
375,Arjun Joshi,2023,Lucknow,Python with Data Science,Rule according surface set product number food line.,Negative,Not interested in training,
376,Riya Patel,2022,Lucknow,Java Full Stack,Describe degree story free seek if in real man.,Negative,Not interested in training,
377,Krishna Verma,2023,Lucknow,Python with AI and ML,Money level a near good discussion beyond main record include operation nice.,Negative,Not interested in training,
378,Ishaan Verma,2025,Noida,Python with AI and ML,Business collection beyond program style task whether store special at.,Negative,Will not join,
379,Kavya Mehta,2023,Lucknow,Python with AI and ML,Free into leave social south enter top successful never agency agreement learn.,Negative,Found fees too high,
380,Riya Yadav,2025,Lucknow,Java Full Stack,Whose agree stand believe statement interesting talk leader company fine set.,Negative,Will not join,
381,Diya Reddy,2023,Noida,MERN Stack,Listen citizen could go bar until such pressure bar knowledge themselves language short sometimes green energy.,Negative,Not interested in training,
382,Aditi Malhotra,2025,Lucknow,Python with AI and ML,Measure general remain two language simply see various next.,Negative,Not interested in training,
383,Aarav Malhotra,2023,Lucknow,Python with AI and ML,For one try too leader treat truth far can.,Negative,Found fees too high,
384,Saanvi Saxena,2022,Noida,Python with AI and ML,Stuff ready house sure fill key down.,Negative,Will not join,
385,Vihaan Nair,2025,Noida,Python with AI and ML,Head especially market husband off couple three difference every character hear responsibility national accept in.,Negative,Will not join,
386,Kabir Agarwal,2024,Lucknow,Java Full Stack,Democrat experience commercial option well participant by.,Negative,Not interested in training,
387,Ananya Mishra,2025,Lucknow,Python with Data Science,Individual of half receive above discover growth color realize.,Negative,Found fees too high,
388,Rohan Yadav,2022,Lucknow,MERN Stack,Hit activity human senior middle computer style choice before matter you.,Negative,Not interested in training,
389,Sai Reddy,2024,Noida,MERN Stack,Better us responsibility mention someone total heavy between reality product scene.,Negative,Not interested in training,
390,Saanvi Malhotra,2023,Noida,Python with Data Science,Personal stock teach number lawyer level close identify attack onto I friend best box sound.,Negative,Will not join,
391,Sai Malhotra,2024,Noida,MERN Stack,Television medical card rate popular vote speak school resource event three move believe.,Negative,Not interested in training,
392,Vihaan Chopra,2024,Lucknow,Java Full Stack,Manager federal edge better probably herself born of cell happen range popular.,Negative,Will not join,
393,Rohan Jain,2022,Noida,Java Full Stack,Certain mission son tend reduce trip lot later knowledge break game art voice.,Negative,Found fees too high,
394,Vihaan Malhotra,2024,Noida,MERN Stack,Public fast garden against rate and force per leave.,Negative,Not interested in training,
395,Diya Singh,2023,Lucknow,Java Full Stack,Responsibility difference try social without fill subject modern determine responsibility.,Negative,Found fees too high,
396,Aditi Saxena,2025,Noida,Java Full Stack,Its center vote security manager capital hot interview up boy.,Negative,Not interested in training,
397,Rohan Chopra,2023,Noida,MERN Stack,Again fast line doctor difference our professor spend picture performance without everybody exactly hundred.,Negative,Found fees too high,
398,Ishita Chopra,2025,Noida,Python with AI and ML,Catch college including court law add school how discover chance might mother operation threat.,Negative,Not interested in training,
399,Krishna Malhotra,2025,Noida,MERN Stack,Trial across there end standard maybe lawyer pay gun west old game forget.,Negative,Not interested in training,
400,Diya Kumar,2023,Lucknow,Python with AI and ML,Media fall site fund relate his center human dream which free else.,Negative,Will not join,
401,Arjun Kapoor,2023,Lucknow,Python with Data Science,Head red bag expect car hand hand just agent its head push.,Negative,Not interested in training,
402,Kabir Gupta,2025,Lucknow,Python with AI and ML,New learn like phone last reveal prepare return mean.,Negative,Not interested in training,
403,Kabir Mishra,2025,Lucknow,Java Full Stack,Almost important school where seem performance month likely than say activity within state tell owner.,Negative,Not interested in training,
404,Kavya Yadav,2025,Noida,Java Full Stack,Talk detail indeed amount success across prove.,Negative,Not interested in training,
405,Riya Gupta,2023,Noida,Python with AI and ML,Mission firm can audience official mention they yourself board effort near.,Negative,Found fees too high,
406,Sneha Kapoor,2024,Lucknow,Python with Data Science,Rise save identify level level become develop little exist clearly blood claim.,Negative,Not interested in training,
407,Sneha Kumar,2025,Noida,Java Full Stack,Popular what according hope true lay check level condition.,Negative,Found fees too high,
408,Aarav Pandey,2023,Lucknow,Java Full Stack,Present sing garden cultural industry follow grow recently scene low act indeed upon economy great prevent.,Negative,Will not join,
409,Vivaan Yadav,2023,Noida,Python with Data Science,Never up keep step face leave girl change perhaps laugh.,Negative,Will not join,
410,Aditya Saxena,2024,Noida,Java Full Stack,By rest about trouble system wrong feel leg mind.,Negative,Not interested in training,
411,Krishna Verma,2022,Noida,Python with AI and ML,Food compare race all fact figure improve.,Negative,Found fees too high,
412,Sneha Reddy,2025,Noida,MERN Stack,Claim much especially media lose treat most box material bed town traditional simple song hot.,Negative,Not interested in training,
413,Saanvi Bhatia,2025,Lucknow,Python with Data Science,Age send sometimes better like position carry yes.,Negative,Not interested in training,
414,Kavya Gupta,2025,Noida,Python with AI and ML,Board late sister give deep kind rule decision table whatever process like.,Negative,Not interested in training,
415,Aditi Saxena,2023,Lucknow,Python with Data Science,Describe find they fine animal return around.,Negative,Will not join,
416,Meera Mishra,2024,Lucknow,Python with AI and ML,Along them direction relate friend program song business administration theory once financial.,Negative,Found fees too high,
417,Priya Pandey,2022,Lucknow,MERN Stack,Whose cultural cut surface what maintain hospital former smile.,Negative,Not interested in training,
418,Ishaan Mehta,2022,Noida,Java Full Stack,Treatment look see know protect way federal score mention camera specific expert write executive themselves base.,Negative,Not interested in training,
419,Aditi Saxena,2023,Noida,Python with Data Science,Beautiful building position in about case front teach magazine management their product time our government.,Negative,Will not join,
420,Kabir Yadav,2022,Lucknow,MERN Stack,Company type design food feeling perhaps building consider.,Negative,Not interested in training,
421,Arjun Gupta,2025,Noida,Java Full Stack,His land thousand approach democratic card agency seat success growth.,Negative,Found fees too high,
422,Saanvi Reddy,2025,Noida,MERN Stack,Three plant voice true work us fund win early.,Negative,Not interested in training,
423,Vihaan Chopra,2024,Lucknow,Java Full Stack,Begin sense may run since charge it official cost agency project source fire degree.,Negative,Not interested in training,
424,Diya Yadav,2024,Noida,Java Full Stack,Rule approach participant nothing throughout place bad little.,Negative,Not interested in training,
425,Vihaan Yadav,2025,Lucknow,Java Full Stack,Current action want good lawyer long adult second executive so yard hospital.,Negative,Will not join,
426,Priya Mehta,2023,Lucknow,Java Full Stack,Place family space two eight if later buy evening else nearly public.,Negative,Will not join,
427,Saanvi Kapoor,2022,Lucknow,Python with AI and ML,No trade off trip move run degree agreement majority in language these everybody.,Negative,Not interested in training,
428,Sneha Reddy,2024,Lucknow,MERN Stack,Either recent fire thank with above deep blue art exactly.,Negative,Found fees too high,
429,Priya Sharma,2025,Noida,Java Full Stack,President few chance book Mrs environment claim tonight expect tree.,Negative,Found fees too high,
430,Aarav Kumar,2023,Lucknow,Python with AI and ML,Too home early reveal money way catch must window scientist shake building open admit there.,Negative,Found fees too high,
431,Riya Yadav,2024,Noida,Python with AI and ML,Technology ability maintain bag book pick Republican defense sing.,Negative,Found fees too high,
432,Aditi Pandey,2022,Lucknow,MERN Stack,Control me bill within become security can letter according technology possible.,Negative,Will not join,
433,Aditya Bhatia,2024,Noida,Java Full Stack,Change left of in include thousand music ahead.,Negative,Will not join,
434,Rohan Gupta,2023,Lucknow,MERN Stack,Hospital everybody care company management nothing until let their might coach best hold prepare.,Negative,Found fees too high,
435,Ishita Joshi,2023,Noida,MERN Stack,Per issue red best white newspaper world article face.,Negative,Not interested in training,
436,Krishna Sharma,2024,Noida,Java Full Stack,Same trip letter media he laugh guess future news life bit everyone.,Negative,Will not join,
437,Meera Agarwal,2022,Noida,Python with AI and ML,Value serious strategy visit by poor exist feeling great partner wide travel beautiful.,Negative,Found fees too high,
438,Ishita Saxena,2023,Noida,Python with Data Science,Federal subject worker draw factor training alone board nature least program either idea series.,Negative,Not interested in training,
439,Aditi Patel,2022,Noida,Python with Data Science,Simply others red mouth stuff Mr language put show card protect artist reach develop across happen.,Negative,Not interested in training,
440,Sneha Mishra,2022,Noida,Python with AI and ML,Within news professional upon whether course door by better.,Negative,Found fees too high,
441,Diya Nair,2023,Lucknow,Python with AI and ML,Impact need oil center above when figure understand good.,Negative,Will not join,
442,Arjun Malhotra,2023,Noida,Java Full Stack,Available bank unit half step despite authority agent interest number partner note.,Negative,Found fees too high,
443,Riya Patel,2022,Lucknow,Python with AI and ML,Focus bed dream new difficult wonder someone could return of listen free tough.,Negative,Not interested in training,
444,Kavya Kapoor,2022,Noida,Python with Data Science,Blood responsibility age or health fly probably.,Negative,Found fees too high,
445,Vivaan Kapoor,2022,Noida,Python with Data Science,Mrs recently industry before land them population else determine moment exist tonight.,Negative,Not interested in training,
446,Vivaan Pandey,2024,Lucknow,MERN Stack,Television outside yard relate between general option specific.,Negative,Not interested in training,
447,Vivaan Mehta,2025,Noida,MERN Stack,Speak mother save pass current wish or field general country fly they difference while man.,Negative,Not interested in training,
448,Diya Verma,2023,Lucknow,Python with Data Science,Road window early important energy generation wait society security really reflect.,Negative,Will not join,
449,Priya Bhatia,2022,Noida,Java Full Stack,Drive sure ball total out no population west half brother tough skill chance radio age.,Negative,Will not join,
450,Krishna Agarwal,2024,Lucknow,Python with Data Science,Baby onto crime enter when new serve wonder board big official.,Negative,Found fees too high,
451,Meera Saxena,2024,Noida,Python with Data Science,Effect focus guess research beat six let south former process.,Negative,Not interested in training,
452,Ananya Gupta,2024,Noida,Python with AI and ML,Arm film indicate unit several north something thank night among of social spend dream.,Negative,Not interested in training,
453,Aarav Kapoor,2024,Noida,Java Full Stack,Probably himself especially world want especially sister personal.,Negative,Found fees too high,
454,Krishna Patel,2023,Noida,Python with AI and ML,Himself take remember in PM teacher chance behind public beyond newspaper work throw ability page least.,Negative,Found fees too high,
455,Diya Bhatia,2023,Lucknow,Python with AI and ML,Task station large shoulder population thank speech door if.,Negative,Will not join,
456,Kabir Reddy,2025,Noida,MERN Stack,Yeah think employee since kind something hand check better pass class.,Negative,Found fees too high,
457,Meera Jain,2022,Lucknow,Python with Data Science,Market fight market particular himself recently yes term study.,Negative,Not interested in training,
458,Sai Jain,2025,Noida,Python with Data Science,Body best mission film conference safe together ball court Congress skin majority religious discuss window.,Negative,Will not join,
459,Krishna Yadav,2023,Lucknow,MERN Stack,Yes early laugh save arrive necessary surface mother skin age now her for data rule.,Negative,Not interested in training,
460,Ishita Pandey,2025,Lucknow,Python with AI and ML,Lead against expect happy off new arrive I long reduce their.,Negative,Not interested in training,
461,Priya Saxena,2022,Lucknow,Python with Data Science,Focus entire really picture newspaper role street start series last.,Negative,Will not join,
462,Rohan Bhatia,2022,Lucknow,Java Full Stack,Reach sound many generation out some war from these offer by family let public.,Negative,Will not join,
463,Vihaan Nair,2022,Lucknow,Python with Data Science,Walk campaign situation effort without mission case direction network record yet answer method spring.,Negative,Will not join,
464,Kavya Bhatia,2022,Noida,MERN Stack,Material plant evening girl push effect magazine bad read budget senior step interesting each.,Negative,Will not join,
465,Diya Sharma,2025,Lucknow,Python with AI and ML,Executive list cell ten enough field star partner dog chair today camera.,Negative,Not interested in training,
466,Ananya Gupta,2024,Noida,Python with Data Science,Those western ability hear take produce law rise final Democrat garden scientist now.,Negative,Will not join,
467,Rohan Sharma,2024,Lucknow,Java Full Stack,Mr difference despite skin day stand defense drug.,Negative,Will not join,
468,Aditya Yadav,2022,Lucknow,Python with AI and ML,Across board my yourself wind across two worker government way top method.,Negative,Not interested in training,
469,Riya Singh,2023,Lucknow,Python with Data Science,Own top list begin mother increase again tax physical.,Negative,Found fees too high,
470,Aarav Gupta,2024,Noida,Python with Data Science,Behind beat top there turn south speak day perform tax dog.,Negative,Will not join,
471,Kavya Gupta,2023,Noida,Python with Data Science,Herself within lose base moment different authority seek.,Negative,Found fees too high,
472,Sneha Kapoor,2025,Lucknow,Python with Data Science,Fly manage body ago decade its four turn someone hour stop national growth memory trouble.,Negative,Not interested in training,
473,Ananya Malhotra,2022,Noida,Python with Data Science,Policy raise including also candidate real particularly citizen manage pass man.,Negative,Not interested in training,
474,Kavya Reddy,2023,Lucknow,Python with AI and ML,Like provide upon dog these product within your recognize word station later trial cup yeah.,Negative,Will not join,
475,Kabir Agarwal,2023,Noida,Python with AI and ML,Ten consumer business itself various stay across hundred prove theory away general matter off camera foreign.,Negative,Will not join,
476,Aditya Gupta,2025,Noida,MERN Stack,Stage go country floor character face success lawyer window already several provide tell television.,Negative,Not interested in training,
477,Aarav Chopra,2022,Lucknow,Python with Data Science,Time either hand couple forget note morning Democrat commercial beautiful plan majority little player little court.,Negative,Not interested in training,
478,Ishita Nair,2025,Lucknow,MERN Stack,Specific their old note serve hope behavior land morning order be.,Negative,Found fees too high,
479,Arjun Pandey,2024,Noida,Java Full Stack,Particularly important church allow program reason write.,Negative,Will not join,
480,Krishna Gupta,2023,Noida,MERN Stack,Truth same agency discussion Congress husband can.,Negative,Not interested in training,
481,Rohan Yadav,2024,Noida,MERN Stack,Guy available key become though off close politics next front hour just.,Negative,Not interested in training,
482,Meera Yadav,2022,Lucknow,MERN Stack,Gas which idea modern civil send level create though change sign star project baby.,Negative,Not interested in training,
483,Saanvi Kumar,2023,Lucknow,Python with Data Science,Government sport whether might say available public away always.,Negative,Found fees too high,
484,Priya Kapoor,2024,Lucknow,MERN Stack,Clear blue worker course real politics few walk attention home arrive happy its.,Negative,Not interested in training,
485,Diya Malhotra,2022,Noida,Python with AI and ML,Seat almost fight whom water air wait business school should third buy subject center generation worker.,Negative,Found fees too high,
486,Aditi Gupta,2024,Noida,MERN Stack,Others artist especially picture example up particular quickly until probably check investment.,Negative,Not interested in training,
487,Ishaan Saxena,2025,Noida,Python with Data Science,Discover true always avoid structure woman today hotel college.,Negative,Not interested in training,
488,Riya Yadav,2025,Lucknow,Python with AI and ML,Television our thousand artist appear machine base fight catch under cut design.,Negative,Found fees too high,
489,Sneha Reddy,2023,Lucknow,Python with AI and ML,Change month worry attorney especially bag land throw.,Negative,Not interested in training,
490,Kabir Saxena,2022,Noida,Java Full Stack,Beautiful large however fly call garden price tell coach put service reality different.,Negative,Will not join,
491,Aditi Kumar,2025,Lucknow,Python with Data Science,Kitchen drop who hotel event note describe spend as mouth half.,Negative,Not interested in training,
492,Sai Joshi,2025,Lucknow,Python with Data Science,This water technology blue against at view speak.,Negative,Will not join,
493,Priya Kumar,2022,Lucknow,MERN Stack,West particularly size less challenge reach for trade work.,Negative,Not interested in training,
494,Riya Kumar,2022,Noida,Java Full Stack,Game determine leave check moment son agent environmental lay any subject.,Negative,Found fees too high,
495,Ananya Singh,2024,Noida,Python with Data Science,Want continue suggest challenge check family price keep anything.,Negative,Not interested in training,
496,Vivaan Saxena,2024,Noida,MERN Stack,Executive threat generation change town member authority fine between culture deal whole.,Negative,Will not join,
497,Priya Malhotra,2022,Lucknow,Java Full Stack,Seven its both want memory about customer other will ready.,Negative,Not interested in training,
498,Kabir Mishra,2025,Noida,MERN Stack,Employee surface successful plant continue computer defense Republican company.,Negative,Will not join,
499,Priya Verma,2023,Lucknow,MERN Stack,Report pattern forward bag production hair deep ground often employee white example sit.,Negative,Found fees too high,
500,Krishna Mishra,2025,Lucknow,Python with AI and ML,Concern material but happy yard stuff company check audience board news deal.,Negative,Not interested in training,
501,Saanvi Verma,2025,Lucknow,Python with Data Science,Market relate make particularly prepare early nearly shake tonight human front order.,Negative,Found fees too high,
502,Vihaan Gupta,2023,Lucknow,Java Full Stack,Which baby here beautiful right trip boy education cost case style.,Negative,Will not join,
503,Vivaan Reddy,2023,Lucknow,Python with AI and ML,Whole in describe much hospital final individual help chair of parent.,Negative,Not interested in training,
504,Aarav Kumar,2025,Noida,Python with Data Science,Learn degree party along media daughter discover against large.,Negative,Not interested in training,
505,Ishita Kumar,2024,Noida,MERN Stack,Art deep simply parent despite similar perform century least wrong act their international receive provide wife.,Negative,Not interested in training,
506,Rohan Sharma,2024,Noida,Python with AI and ML,Leader computer others care couple trip lawyer analysis single we near never.,Negative,Found fees too high,
507,Diya Malhotra,2022,Noida,Python with AI and ML,Our minute easy tend color realize way list decide.,Negative,Not interested in training,
508,Meera Yadav,2023,Noida,Python with Data Science,With Republican night issue forget approach keep reality prove draw carry action.,Negative,Will not join,
509,Krishna Kumar,2025,Noida,Python with Data Science,Suggest end fact political politics officer early consumer force debate.,Negative,Will not join,
510,Ishaan Yadav,2023,Lucknow,Python with AI and ML,Military parent result everything full national draw individual together ball reduce receive poor.,Negative,Found fees too high,
511,Saanvi Sharma,2025,Lucknow,MERN Stack,Network until late according skill room help heart truth score.,Negative,Not interested in training,
512,Meera Malhotra,2022,Noida,Python with Data Science,Response message responsibility west raise apply conference travel share product message can.,Negative,Not interested in training,
513,Ananya Sharma,2025,Noida,Python with Data Science,Visit minute she lead carry campaign analysis suddenly many pay itself soldier cultural rule new.,Negative,Will not join,
514,Arjun Nair,2025,Lucknow,MERN Stack,Old tonight help drive defense paper within.,Negative,Not interested in training,
515,Saanvi Nair,2022,Noida,MERN Stack,Though for conference too though house role of.,Negative,Not interested in training,
516,Diya Singh,2025,Noida,MERN Stack,Follow region practice very commercial season source address product low money.,Negative,Found fees too high,
517,Aditya Gupta,2025,Lucknow,Python with AI and ML,Painting state rock chance word myself if draw general between discover however dark.,Negative,Not interested in training,
518,Vivaan Mishra,2022,Noida,Java Full Stack,Father education box simple perform visit how very reason contain month alone about right.,Negative,Not interested in training,
519,Ishaan Reddy,2025,Lucknow,MERN Stack,Effort matter state rather concern memory land leave fund.,Negative,Not interested in training,
520,Kabir Nair,2023,Noida,Python with Data Science,They employee movie hotel most our watch improve bed traditional best role election nation expect.,Negative,Found fees too high,
521,Saanvi Nair,2024,Noida,MERN Stack,Surface writer page require wonder vote stuff option.,Negative,Not interested in training,
522,Priya Yadav,2023,Noida,MERN Stack,Team popular place explain conference bit player example trip house majority generation trouble step process.,Negative,Will not join,
523,Diya Kumar,2025,Noida,Python with AI and ML,Next suggest off weight after much mind run military laugh stand cup early.,Negative,Not interested in training,
524,Priya Malhotra,2024,Lucknow,Java Full Stack,Notice anything protect nice step trade people size training nature rest myself campaign.,Negative,Found fees too high,
525,Diya Jain,2024,Noida,MERN Stack,Around let sense involve respond along lose story.,Negative,Found fees too high,
526,Vihaan Bhatia,2022,Noida,MERN Stack,Radio than example in assume his western before feeling for trip many election community.,Negative,Will not join,
527,Kabir Agarwal,2022,Lucknow,Python with Data Science,House across college issue design involve step step sister its than.,Negative,Found fees too high,
528,Krishna Reddy,2023,Lucknow,Python with AI and ML,Order trip front decision machine way soon quite lay.,Negative,Not interested in training,
529,Saanvi Verma,2024,Lucknow,Python with AI and ML,Economic glass mother religious great yet letter enter work degree we open question place sea pick.,Negative,Found fees too high,
530,Aarav Bhatia,2022,Lucknow,Java Full Stack,Support own scientist administration present stand include.,Negative,Found fees too high,
531,Kabir Saxena,2023,Noida,MERN Stack,Program wide sometimes ten page thank news focus assume impact help.,Negative,Will not join,
532,Vihaan Malhotra,2025,Lucknow,Python with AI and ML,Prepare scene report blue customer change course television letter.,Negative,Found fees too high,
533,Diya Reddy,2024,Noida,Python with AI and ML,Message citizen page image direction part family every walk amount and TV program.,Negative,Not interested in training,
534,Sneha Bhatia,2024,Noida,MERN Stack,Management past of focus able responsibility itself return year number then.,Negative,Found fees too high,
535,Aditya Nair,2024,Lucknow,Python with AI and ML,Sell provide kid part away movie raise dream.,Negative,Found fees too high,
536,Ananya Mishra,2022,Noida,Python with Data Science,Instead turn ten owner ball huge control cause official game person dark seek real note.,Negative,Not interested in training,
537,Aditi Yadav,2023,Lucknow,Python with Data Science,Range writer decision work nearly stuff score could player.,Negative,Will not join,
538,Aarav Pandey,2024,Lucknow,Python with AI and ML,Political meeting deal design moment four final president try record.,Negative,Not interested in training,
539,Diya Patel,2025,Noida,Python with AI and ML,Expect else suddenly allow civil true popular project know.,Negative,Found fees too high,
540,Rohan Malhotra,2025,Lucknow,MERN Stack,One million want television clearly television then region just early place will allow discussion apply other.,Negative,Will not join,
541,Vihaan Agarwal,2025,Lucknow,Python with AI and ML,Management degree actually marriage mention read buy.,Negative,Not interested in training,
542,Aarav Kumar,2025,Noida,Java Full Stack,Sometimes phone matter budget best challenge morning character outside when use.,Negative,Not interested in training,
543,Kavya Yadav,2023,Lucknow,MERN Stack,At exist leg employee case most perhaps usually build still.,Negative,Not interested in training,
544,Sneha Nair,2025,Noida,Python with Data Science,Answer real million argue play summer discussion series billion.,Negative,Found fees too high,
545,Riya Jain,2022,Noida,Python with Data Science,Career save open three into throughout name door authority this wish everyone speech.,Negative,Found fees too high,
546,Riya Yadav,2023,Lucknow,Python with AI and ML,Often money adult control hand which manager look pattern responsibility available public action quickly.,Negative,Will not join,
547,Vivaan Reddy,2022,Lucknow,Java Full Stack,Front box score catch politics reflect foreign write even husband century may good give relate recently.,Negative,Will not join,
548,Riya Verma,2025,Noida,Java Full Stack,Remember speak box sometimes court least like task door medical once president discover board blood chance.,Negative,Not interested in training,
549,Diya Joshi,2023,Lucknow,Java Full Stack,Happen member wife create allow everybody page fill view.,Negative,Will not join,
550,Diya Gupta,2022,Lucknow,Java Full Stack,Word even way record old war administration specific address stuff again unit energy.,Negative,Will not join,
551,Rohan Joshi,2023,Noida,Java Full Stack,Girl medical series art these give actually large try so nothing dark such reality most.,Negative,Will not join,
552,Sai Chopra,2023,Lucknow,Python with AI and ML,Process so somebody capital go sign watch blood step.,Negative,Will not join,
553,Kavya Joshi,2022,Noida,MERN Stack,Option happy back hope off town right tough way sometimes my.,Negative,Not interested in training,
554,Sneha Mishra,2024,Noida,Python with AI and ML,Himself respond school old experience eye him American.,Negative,Will not join,
555,Ananya Reddy,2023,Noida,MERN Stack,Mission this however not care some compare white popular technology answer part seek big.,Negative,Will not join,
556,Aarav Mehta,2024,Lucknow,Java Full Stack,Floor event painting fall eye others go pick help.,Negative,Will not join,
557,Sai Agarwal,2023,Noida,MERN Stack,Apply red hand smile create class standard from among series police.,Negative,Not interested in training,
558,Saanvi Nair,2023,Lucknow,MERN Stack,Or bag result we past traditional short religious growth next finish far any know door entire.,Negative,Will not join,
559,Diya Nair,2023,Lucknow,Python with Data Science,Training employee might provide newspaper table none case remember section song media door officer modern focus.,Negative,Will not join,
560,Sneha Kapoor,2022,Noida,Python with Data Science,Raise less center take occur turn upon young mouth since executive.,Negative,Not interested in training,
561,Aditya Kapoor,2025,Noida,Python with Data Science,Seem large season under throughout admit grow particularly.,Negative,Found fees too high,
562,Aditya Mehta,2024,Lucknow,MERN Stack,Vote recognize natural hard base professional pass all concern behind less.,Negative,Will not join,
563,Ananya Mishra,2022,Noida,Python with AI and ML,Kitchen organization situation pick her suggest protect and local.,Negative,Will not join,
564,Kabir Gupta,2024,Lucknow,MERN Stack,Marriage future president better book nation military without natural.,Negative,Found fees too high,
565,Ananya Sharma,2025,Noida,Java Full Stack,Dark newspaper home first participant grow recently alone.,Negative,Will not join,
566,Vivaan Kumar,2024,Lucknow,Python with Data Science,Situation for vote politics reflect television move anything time school just human two.,Negative,Will not join,
567,Aarav Kumar,2024,Noida,Python with Data Science,Event once series operation explain direction drop low positive nation individual less agree language.,Negative,Not interested in training,
568,Ananya Chopra,2022,Lucknow,Python with Data Science,Listen manage prepare soon environmental energy mother child interesting again.,Negative,Will not join,
569,Saanvi Kapoor,2023,Noida,MERN Stack,Close better opportunity music blood deep subject information some.,Negative,Not interested in training,
570,Krishna Pandey,2022,Lucknow,Python with Data Science,Partner set want size guy world necessary.,Negative,Not interested in training,
571,Diya Malhotra,2025,Lucknow,Python with Data Science,Treat pull interview six leave senior learn hospital.,Negative,Not interested in training,
572,Vivaan Mehta,2024,Lucknow,Java Full Stack,In Republican here foreign pattern his newspaper gas along charge early nation.,Negative,Not interested in training,
573,Kabir Singh,2025,Lucknow,Java Full Stack,While computer morning eight myself Democrat itself recently.,Negative,Not interested in training,
574,Ishaan Mishra,2022,Noida,Python with AI and ML,Agree either task onto deal management building result a.,Negative,Found fees too high,
575,Ishita Singh,2023,Noida,Python with Data Science,Doctor loss laugh think around cover floor thousand son middle tonight support assume.,Negative,Found fees too high,
576,Ishita Mehta,2024,Lucknow,MERN Stack,Indicate two region standard run guess half ever.,Negative,Will not join,
577,Kabir Chopra,2025,Lucknow,Python with Data Science,Million history forget technology edge investment trial need.,Negative,Not interested in training,
578,Sai Pandey,2025,Noida,Python with AI and ML,Write address thank state out rather week study soldier support again process interest out term memory.,Negative,Will not join,
579,Arjun Jain,2024,Lucknow,Python with AI and ML,Agent service option indeed ok food property many.,Negative,Found fees too high,
580,Meera Reddy,2024,Noida,Python with Data Science,Laugh campaign miss bank free sea kind.,Negative,Will not join,
581,Aarav Saxena,2023,Lucknow,Python with Data Science,Many whose civil check experience successful determine successful force any drive surface.,Negative,Will not join,
582,Kabir Mishra,2024,Lucknow,Python with AI and ML,Dog per charge economic whom wrong sing.,Negative,Will not join,
583,Vihaan Kumar,2024,Lucknow,Python with Data Science,Serve student particular former officer want from author health sell knowledge guy ten table.,Negative,Will not join,
584,Krishna Saxena,2022,Lucknow,MERN Stack,Sign we food recent dream vote house task certain.,Negative,Found fees too high,
585,Ishita Pandey,2024,Noida,MERN Stack,Short its six letter prevent assume bed former fact at plan artist structure it method design.,Negative,Found fees too high,
586,Kavya Bhatia,2024,Noida,Java Full Stack,Foreign test buy decade administration single consumer than other commercial minute current ground plan organization national.,Negative,Not interested in training,
587,Vihaan Reddy,2023,Noida,Java Full Stack,Central whom but paper world money hour join own thing doctor worker free.,Negative,Not interested in training,
588,Aditya Bhatia,2022,Lucknow,Python with AI and ML,Trip reduce rock enough friend believe store able term.,Negative,Will not join,
589,Kabir Mishra,2025,Noida,Java Full Stack,See opportunity important apply service campaign air pick concern feeling discover ground.,Negative,Not interested in training,
590,Rohan Joshi,2024,Lucknow,MERN Stack,Draw everybody democratic prove answer subject thought box discuss need question.,Negative,Will not join,
591,Ishaan Bhatia,2024,Lucknow,Java Full Stack,Per probably town nation employee result design according.,Negative,Found fees too high,
592,Meera Bhatia,2022,Lucknow,MERN Stack,True hope what success account draw thousand laugh community today dark service again spring charge law.,Negative,Will not join,
593,Diya Kumar,2025,Lucknow,Python with AI and ML,Somebody old rather painting college nothing type as idea speak another choose bill.,Negative,Not interested in training,
594,Kavya Verma,2025,Noida,MERN Stack,Mouth strategy sit range wide alone knowledge force small five hospital again.,Negative,Will not join,
595,Saanvi Joshi,2022,Noida,MERN Stack,Country painting specific arm parent nice across sign.,Negative,Found fees too high,
596,Rohan Malhotra,2025,Lucknow,MERN Stack,Eat spend picture allow peace goal drop mother more.,Negative,Will not join,
597,Aditya Mehta,2024,Noida,Python with Data Science,According population computer now mention financial shake issue I.,Negative,Not interested in training,
598,Ishaan Pandey,2023,Noida,MERN Stack,Defense give he example blood mouth thought which manager performance our off.,Negative,Found fees too high,
599,Ishita Pandey,2025,Lucknow,MERN Stack,Land more around road industry Mrs his place media must.,Negative,Found fees too high,
600,Saanvi Yadav,2022,Noida,MERN Stack,Idea new decision bit strategy development house before nearly.,Negative,Found fees too high,
601,Rohan Agarwal,2022,Noida,Java Full Stack,Maybe sit agent serious enough middle rise firm apply sit share stage behavior.,Negative,Will not join,
602,Sai Sharma,2022,Lucknow,MERN Stack,Wonder kind when catch already three spend painting quite pattern national particular expect.,Negative,Not interested in training,
603,Ananya Malhotra,2024,Lucknow,Java Full Stack,Than stop ground them politics fear region.,Negative,Not interested in training,
604,Kabir Jain,2024,Lucknow,Java Full Stack,One stock from kitchen quite reason we reality reach know should subject.,Negative,Found fees too high,
605,Meera Jain,2025,Noida,MERN Stack,Themselves ask reason account camera little concern pressure full oil fire must.,Negative,Will not join,
606,Aarav Mehta,2024,Lucknow,Python with AI and ML,College his watch quickly list might book staff produce current require not difference.,Negative,Found fees too high,
607,Aditya Kumar,2023,Lucknow,Java Full Stack,Girl world always check research way fire almost.,Negative,Found fees too high,
608,Riya Nair,2024,Lucknow,Python with AI and ML,Cell everything particularly across form participant share size dog feeling street debate national upon let owner.,Negative,Not interested in training,
609,Meera Verma,2025,Noida,MERN Stack,Sport reveal out economic cause to analysis.,Negative,Will not join,
610,Krishna Chopra,2022,Noida,Python with AI and ML,Others detail red who enter activity value court some exist much that easy development.,Negative,Not interested in training,
611,Kabir Mehta,2024,Noida,Python with AI and ML,Every very test individual through end bit institution image.,Negative,Not interested in training,
612,Sai Jain,2022,Lucknow,MERN Stack,Edge father this fight yet remain situation even film finally like drive necessary half option song.,Negative,Not interested in training,
613,Sneha Gupta,2024,Noida,Java Full Stack,How population some water nation white conference again network goal.,Negative,Not interested in training,
614,Arjun Reddy,2024,Noida,Python with AI and ML,Mission state century move trade strategy reveal dream.,Negative,Found fees too high,
615,Diya Saxena,2025,Noida,Python with AI and ML,Sort law experience learn goal campaign night.,Negative,Not interested in training,
616,Kavya Kumar,2022,Lucknow,MERN Stack,Effort quickly white us win wear study.,Negative,Not interested in training,
617,Riya Reddy,2022,Noida,MERN Stack,Test three election floor player yourself however free your society at theory such apply.,Negative,Not interested in training,
618,Sneha Chopra,2022,Lucknow,Python with AI and ML,Quite bit morning time account teacher there factor capital spring today kind thousand even affect national.,Negative,Found fees too high,
619,Ishita Agarwal,2024,Lucknow,Python with AI and ML,Writer response behind much success white group.,Negative,Not interested in training,
620,Kabir Mehta,2022,Lucknow,MERN Stack,Leader thank difference state where wonder thought outside ahead water simply response.,Negative,Not interested in training,
621,Ishaan Joshi,2022,Lucknow,MERN Stack,Lawyer home bag along color challenge material often true look community fine relationship.,Negative,Will not join,
622,Saanvi Verma,2024,Lucknow,Python with Data Science,Meeting head stock their direction important score security.,Negative,Will not join,
623,Sneha Mishra,2022,Noida,Python with AI and ML,Expect popular base image green part our information her arrive seven hair offer teach mean.,Negative,Not interested in training,
624,Vihaan Bhatia,2024,Noida,Python with AI and ML,Last really speech general green Republican manage understand low remember.,Negative,Will not join,
625,Ananya Agarwal,2025,Noida,Python with AI and ML,While Republican myself a attention certainly next improve purpose sometimes form discover.,Negative,Found fees too high,
626,Arjun Yadav,2023,Noida,Python with AI and ML,Detail son citizen everything address parent one choice scene author.,Negative,Not interested in training,
627,Vihaan Verma,2023,Lucknow,Java Full Stack,Himself week quite sign finally note degree measure between.,Negative,Found fees too high,
628,Ishita Yadav,2024,Noida,MERN Stack,Stay response loss evening down become entire door thus both box this.,Negative,Not interested in training,
629,Aarav Kapoor,2024,Noida,Python with AI and ML,Sort black magazine policy practice activity heart general live wind number.,Negative,Found fees too high,
630,Sai Nair,2023,Lucknow,Python with Data Science,End while yes campaign pull before agree career dream me couple.,Negative,Will not join,
631,Vivaan Saxena,2022,Lucknow,MERN Stack,Strategy left focus consider spring stand brother.,Negative,Found fees too high,
632,Riya Verma,2023,Noida,Java Full Stack,World sister drop benefit hope with life phone minute throughout just.,Negative,Not interested in training,
633,Sai Reddy,2022,Lucknow,MERN Stack,Center others along sure then start themselves while behind young.,Negative,Will not join,
634,Meera Gupta,2024,Lucknow,MERN Stack,Media over provide executive minute close employee trial say billion help.,Negative,Found fees too high,
635,Aarav Agarwal,2023,Noida,Python with Data Science,Trial wish day keep drug media never score phone realize.,Negative,Not interested in training,
636,Kabir Bhatia,2024,Lucknow,MERN Stack,Gun add very else century really receive dark like interview management this.,Negative,Will not join,
637,Sneha Bhatia,2025,Noida,Java Full Stack,Whose work very public single his onto gun run decide church hundred education.,Negative,Not interested in training,
638,Riya Singh,2023,Noida,Python with Data Science,Scientist doctor choice program yourself way which table day factor.,Negative,Not interested in training,
639,Arjun Kapoor,2024,Noida,MERN Stack,Marriage majority among newspaper according song attention growth our mean feeling.,Negative,Will not join,
640,Riya Saxena,2025,Lucknow,Python with AI and ML,View popular beat difficult candidate especially fear something very until scientist development son.,Negative,Found fees too high,
641,Kavya Malhotra,2024,Noida,Python with Data Science,Suddenly cut home often reality include along teacher tell use could community body second know community.,Negative,Not interested in training,
642,Ananya Patel,2024,Lucknow,Java Full Stack,Nor hair operation course beat after style experience rather heavy environment himself.,Negative,Will not join,
643,Kabir Jain,2025,Lucknow,Python with AI and ML,Cold investment better stop since free industry believe back east.,Negative,Found fees too high,
644,Vihaan Verma,2025,Lucknow,Java Full Stack,Myself interesting especially financial general imagine year general may manager.,Negative,Will not join,
645,Meera Saxena,2022,Lucknow,Python with Data Science,Determine deep cultural future protect only really throw industry build building.,Negative,Found fees too high,
646,Diya Nair,2023,Noida,MERN Stack,Forget protect read American throughout success more test the every white girl call material woman.,Negative,Found fees too high,
647,Krishna Malhotra,2024,Noida,Java Full Stack,Carry and major ten most focus itself end trip marriage now edge.,Negative,Found fees too high,
648,Vivaan Mehta,2025,Lucknow,Python with Data Science,Employee officer rule challenge pretty including deal without make difference accept.,Negative,Found fees too high,
649,Kavya Gupta,2025,Noida,MERN Stack,Bad whom interview challenge election firm production pretty national.,Negative,Will not join,
650,Riya Gupta,2024,Lucknow,MERN Stack,Open quite nothing rock expert water discover example right name.,Negative,Found fees too high,
651,Ananya Yadav,2023,Noida,MERN Stack,Light fight measure sing picture visit bar he happen.,Negative,Not interested in training,
652,Meera Verma,2025,Noida,Java Full Stack,Such continue fall economic charge fall social teach skin common say kid organization or.,Negative,Found fees too high,
653,Vihaan Joshi,2023,Lucknow,Java Full Stack,East example law behavior spring wife memory own I new.,Negative,Not interested in training,
654,Ananya Mehta,2025,Lucknow,MERN Stack,Cup like mouth medical analysis us successful difficult meeting final among staff something plant practice.,Negative,Found fees too high,
655,Vihaan Gupta,2023,Lucknow,Python with AI and ML,Point fire meet trip property individual anything fight suddenly rich think.,Negative,Will not join,
656,Kavya Mehta,2024,Lucknow,Python with Data Science,Laugh set really cold follow student many rate world black kid radio through question student property.,Negative,Found fees too high,
657,Krishna Patel,2025,Noida,Python with Data Science,Four environment parent ask leader pattern heart range course job.,Negative,Not interested in training,
658,Krishna Singh,2024,Noida,Java Full Stack,Summer last send stock life miss start language magazine minute administration trade open fine civil some.,Negative,Found fees too high,
659,Aditya Patel,2025,Lucknow,Python with Data Science,Model like must according own morning toward box least become affect yet buy.,Negative,Not interested in training,
660,Rohan Chopra,2024,Lucknow,Python with AI and ML,Dream poor head commercial blue benefit include my person.,Negative,Found fees too high,
661,Ishita Verma,2023,Lucknow,MERN Stack,Dark arrive sometimes public data morning box American yourself sound phone wish capital money.,Negative,Found fees too high,
662,Ishaan Chopra,2023,Noida,Java Full Stack,One brother around against once identify campaign affect never president why.,Negative,Found fees too high,
663,Aditi Jain,2024,Lucknow,Java Full Stack,Operation must term artist public others raise project environment behind case economic camera.,Negative,Will not join,
664,Meera Verma,2024,Noida,Java Full Stack,News finish attention she attention lay best month get.,Negative,Not interested in training,
665,Arjun Nair,2025,Noida,Java Full Stack,Security choice write in play million hospital point modern table.,Negative,Will not join,
666,Vivaan Reddy,2025,Lucknow,Java Full Stack,Own fear forget center everyone since movement drive best agency major learn pattern she.,Negative,Will not join,
667,Rohan Nair,2025,Noida,Java Full Stack,Always skin son time establish affect art.,Neutral,Will think and get back,
668,Aditya Kumar,2025,Lucknow,MERN Stack,Happen campaign production information summer wear leave tend plan rise.,Neutral,Asked for more details,
669,Ananya Verma,2023,Noida,Python with AI and ML,Finally lay Democrat much second Congress stand finish these series financial week.,Neutral,Asked for more details,
670,Ishita Jain,2025,Noida,MERN Stack,Win often field discussion face parent town both the day visit yes professional environment.,Neutral,Asked for more details,
671,Arjun Nair,2024,Lucknow,MERN Stack,Threat democratic yeah from size sense somebody form move.,Neutral,Will think and get back,
672,Ananya Patel,2024,Lucknow,Python with Data Science,Bit expert sell entire free this six small card image grow available manager model full.,Neutral,Considering options,
673,Sai Sharma,2024,Noida,Python with Data Science,Budget authority mouth single enter moment key civil visit enter.,Neutral,Considering options,
674,Krishna Pandey,2022,Lucknow,MERN Stack,Finally it record improve effort often southern join capital space.,Neutral,Asked for more details,
675,Meera Malhotra,2023,Noida,Python with Data Science,What course leave change activity glass this.,Neutral,Considering options,
676,Ishaan Pandey,2023,Lucknow,Java Full Stack,Great than set already draw lay until clearly decision almost away surface TV run the deep.,Neutral,Asked for more details,
677,Sai Patel,2024,Lucknow,MERN Stack,Particular end similar level happen week series base court network paper wide current miss mouth.,Neutral,Will think and get back,
678,Rohan Nair,2023,Lucknow,Python with Data Science,Training analysis child cause husband worker degree action.,Neutral,Asked for more details,
679,Ishita Singh,2022,Noida,MERN Stack,The score area about center color bill recent feeling day various rate especially say.,Neutral,Will think and get back,
680,Kabir Chopra,2022,Noida,Python with AI and ML,Whole picture different reduce mission watch husband story especially forward value choose north.,Neutral,Asked for more details,
681,Kavya Reddy,2025,Noida,Python with Data Science,Marriage many project near chair street defense agent skin public one create investment fish medical choice.,Neutral,Asked for more details,
682,Kabir Pandey,2024,Lucknow,Java Full Stack,Small among yes design between project drug difference wear bank.,Neutral,Will think and get back,
683,Diya Mehta,2025,Lucknow,Java Full Stack,Key raise prove indicate style Mr what especially wear.,Neutral,Will think and get back,
684,Krishna Yadav,2024,Lucknow,Python with AI and ML,Increase staff establish good wrong subject father worker others institution yeah Mrs friend.,Neutral,Will think and get back,
685,Sneha Pandey,2023,Lucknow,Python with AI and ML,Style prevent either draw administration accept because common Democrat cultural still defense husband civil.,Neutral,Asked for more details,
686,Ananya Saxena,2023,Noida,Python with AI and ML,Billion reality woman reality Mr thousand economic course best total anyone play figure road help.,Neutral,Will think and get back,
687,Vihaan Nair,2022,Noida,Python with Data Science,Exactly too wind tax would travel require rule face.,Neutral,Asked for more details,
688,Vihaan Joshi,2022,Noida,Python with Data Science,Sport deal take better stuff production wish factor blue various nor view.,Neutral,Will think and get back,
689,Ishaan Kapoor,2023,Lucknow,Java Full Stack,Himself value view address really area method data half sit enter include avoid man too.,Neutral,Will think and get back,
690,Ananya Pandey,2022,Noida,Python with Data Science,Can four significant space sign population Democrat best energy stand fight single worry race involve win.,Neutral,Will think and get back,
691,Ishaan Joshi,2025,Noida,MERN Stack,Each laugh notice nothing voice laugh charge national type occur officer table.,Neutral,Considering options,
692,Aditya Joshi,2022,Noida,Python with Data Science,Represent design study identify ten per assume way mind future term must clearly.,Neutral,Asked for more details,
693,Vivaan Bhatia,2025,Noida,Python with Data Science,Type spend perhaps imagine brother spring identify again environment ever paper himself world if.,Neutral,Will think and get back,
694,Vihaan Jain,2024,Lucknow,Java Full Stack,Only weight better without civil we state decision because trade lot.,Neutral,Considering options,
695,Diya Nair,2024,Lucknow,Python with AI and ML,Home growth large every wife myself offer memory step especially from economy foot popular really activity.,Neutral,Considering options,
696,Kavya Malhotra,2024,Lucknow,Python with AI and ML,Collection rich difficult treat responsibility sister happen later.,Neutral,Considering options,
697,Sai Mehta,2024,Lucknow,Java Full Stack,Or minute official road including though tend someone single how environmental company none message.,Neutral,Asked for more details,
698,Vihaan Gupta,2025,Noida,MERN Stack,Whole kind local leader much drive guess water door result fish hot.,Neutral,Considering options,
699,Priya Bhatia,2023,Noida,Python with AI and ML,Easy price trade especially exist home out conference share theory space film from similar think policy.,Neutral,Will think and get back,
700,Saanvi Mishra,2022,Noida,MERN Stack,Camera act cell business big sound character history fund situation letter especially sport.,Neutral,Asked for more details,
701,Riya Mehta,2025,Lucknow,Python with AI and ML,Its floor can bill defense minute billion me.,Neutral,Considering options,
702,Ananya Agarwal,2022,Noida,Python with Data Science,Product officer both bag blood wonder student serious rather mother heart worker worker.,Neutral,Considering options,
703,Sai Yadav,2022,Noida,MERN Stack,Condition nation purpose card past could sing difference pick watch church child site.,Neutral,Considering options,
704,Ishaan Kapoor,2022,Lucknow,Python with Data Science,Figure special per institution crime right account together argue card majority mean exist.,Neutral,Will think and get back,
705,Saanvi Gupta,2022,Lucknow,Java Full Stack,Animal hard PM certain form every with just.,Neutral,Asked for more details,
706,Vihaan Sharma,2022,Lucknow,Python with AI and ML,We receive build nation a knowledge alone believe customer quite everything.,Neutral,Asked for more details,
707,Vivaan Saxena,2023,Noida,MERN Stack,Audience mother range defense center kind history could prepare side knowledge data manage fight head.,Neutral,Will think and get back,
708,Riya Mishra,2025,Noida,Python with Data Science,Pay response site mouth man process option work painting large turn study.,Neutral,Will think and get back,
709,Riya Patel,2025,Noida,Java Full Stack,Set ago would save exist product easy three.,Neutral,Will think and get back,
710,Krishna Mishra,2024,Lucknow,Python with AI and ML,Environment national couple six make much wide image eye computer.,Neutral,Will think and get back,
711,Arjun Agarwal,2022,Lucknow,Java Full Stack,However board message together pull home population a them system leg amount.,Neutral,Considering options,
712,Arjun Singh,2023,Noida,Python with Data Science,Research little probably song involve wrong force character plan shoulder improve.,Neutral,Asked for more details,
713,Sneha Malhotra,2025,Noida,MERN Stack,Evening newspaper turn card series kitchen professor ability national despite popular seat relate rate they TV.,Neutral,Will think and get back,
714,Arjun Patel,2022,Lucknow,MERN Stack,Situation dark actually ever seem later who yourself top grow employee cell simply special coach.,Neutral,Asked for more details,
715,Arjun Bhatia,2025,Noida,Python with Data Science,Scientist heavy whether save still class technology paper store Democrat again road action.,Neutral,Will think and get back,
716,Priya Malhotra,2025,Noida,Python with Data Science,Whatever of four beautiful her be know shoulder sea particularly.,Neutral,Considering options,
717,Ishita Yadav,2023,Noida,Java Full Stack,We even image beautiful that science each section trip.,Neutral,Will think and get back,
718,Aditi Saxena,2025,Lucknow,Java Full Stack,Build send artist soldier art until environmental record cost beyond.,Neutral,Considering options,
719,Diya Verma,2022,Lucknow,Python with Data Science,Fight special trouble event price player where.,Neutral,Considering options,
720,Ishaan Yadav,2025,Lucknow,MERN Stack,Science executive organization health relationship consider can peace firm record early stock language.,Neutral,Considering options,
721,Sai Joshi,2022,Lucknow,Python with Data Science,Loss administration Congress reveal central let play director information.,Neutral,Asked for more details,
722,Ishaan Kumar,2023,Noida,MERN Stack,Physical page total bank same wonder budget share foot western arm right ask approach raise.,Neutral,Considering options,
723,Ishita Pandey,2025,Lucknow,Java Full Stack,By world what trial for player campaign too style morning husband whether make east town home.,Neutral,Asked for more details,
724,Ananya Mishra,2024,Lucknow,Python with Data Science,Open stop listen would account anything it surface return single determine.,Neutral,Considering options,
725,Kabir Agarwal,2025,Noida,Java Full Stack,Head sense thus leg new effect address huge fly.,Neutral,Considering options,
726,Aditya Saxena,2024,Noida,MERN Stack,College important point film candidate over couple task.,Neutral,Will think and get back,
727,Krishna Saxena,2025,Noida,Python with AI and ML,Pretty newspaper station trade my certain short character little.,Neutral,Will think and get back,
728,Ishaan Joshi,2024,Noida,Python with Data Science,Politics wall choose church traditional that whose develop down officer.,Neutral,Asked for more details,
729,Kabir Chopra,2025,Noida,Java Full Stack,Provide provide across report everyone play evidence effect government system several be decade firm lose computer.,Neutral,Will think and get back,
730,Ananya Gupta,2023,Lucknow,Java Full Stack,House defense allow behavior American billion improve beat teach significant entire collection cause form instead.,Neutral,Will think and get back,
731,Vivaan Agarwal,2025,Lucknow,MERN Stack,Leader position father point baby character lay onto official action born tough.,Neutral,Will think and get back,
732,Ananya Pandey,2023,Lucknow,Python with Data Science,Partner else enough write production range case model.,Neutral,Considering options,
733,Saanvi Kumar,2024,Noida,Python with AI and ML,Pull help gun foot usually miss civil form citizen kind.,Neutral,Considering options,
734,Kabir Malhotra,2025,Noida,Java Full Stack,Interest employee section catch for provide many per.,Neutral,Will think and get back,
735,Vivaan Gupta,2022,Lucknow,MERN Stack,Car reveal a while suggest season civil him life race.,Neutral,Will think and get back,
736,Meera Gupta,2025,Noida,Java Full Stack,Among home thought possible term discover finally one there trip.,Neutral,Asked for more details,
737,Ishaan Gupta,2023,Lucknow,Java Full Stack,Only necessary billion myself management huge during skin benefit theory charge outside although.,Neutral,Considering options,
738,Arjun Saxena,2025,Noida,Java Full Stack,Opportunity research significant debate Congress grow subject seek your hope myself.,Neutral,Considering options,
739,Sai Bhatia,2025,Lucknow,MERN Stack,Raise begin help popular road final happen someone range.,Neutral,Considering options,
740,Aditi Yadav,2023,Noida,Python with AI and ML,Anyone together spring community nice office include price color prepare kind series.,Neutral,Asked for more details,
741,Vivaan Malhotra,2022,Lucknow,Python with Data Science,Next dog night eye enjoy but serious significant sing pattern financial hear.,Neutral,Considering options,
742,Ishita Verma,2022,Lucknow,MERN Stack,Reality between improve above professional same interview including pressure agreement remain standard.,Neutral,Considering options,
743,Saanvi Verma,2022,Noida,Java Full Stack,Board respond message manage young animal son result change item never student.,Neutral,Asked for more details,
744,Meera Sharma,2023,Noida,MERN Stack,Free reason today because water full both worker.,Neutral,Considering options,
745,Vivaan Joshi,2025,Noida,Python with AI and ML,Single wide less forget take hundred future over water risk activity course daughter growth.,Neutral,Asked for more details,
746,Ishita Kapoor,2022,Lucknow,Python with Data Science,Skill scientist speak else race history camera health bill score same behavior.,Neutral,Considering options,
747,Ananya Sharma,2025,Noida,Python with AI and ML,Teach take success large state market serious free recent relate assume.,Neutral,Will think and get back,
748,Priya Gupta,2025,Lucknow,Python with AI and ML,Executive lawyer appear capital report population sing edge strategy daughter step scene too answer.,Neutral,Considering options,
749,Krishna Sharma,2024,Lucknow,Java Full Stack,Action history describe boy talk these firm purpose box him every whatever fear society character region.,Neutral,Will think and get back,
750,Vivaan Patel,2024,Lucknow,Java Full Stack,Realize although support position let major Congress station history business situation begin receive story.,Neutral,Considering options,
751,Kabir Kumar,2022,Lucknow,MERN Stack,Throughout scientist cost instead Mrs letter camera accept letter face its place east film entire.,Neutral,Asked for more details,
752,Arjun Chopra,2023,Noida,MERN Stack,Say doctor you entire foot air former defense stay position east involve time.,Neutral,Asked for more details,
753,Kabir Nair,2024,Noida,Python with AI and ML,Behind issue civil interest after true their.,Neutral,Considering options,
754,Kavya Mishra,2023,Noida,MERN Stack,Point despite full blood southern good law behavior until draw certain cause increase employee.,Neutral,Asked for more details,
755,Meera Agarwal,2025,Noida,MERN Stack,Foot each ever on bit beautiful them sing sense affect land mention man.,Neutral,Considering options,
756,Rohan Pandey,2023,Lucknow,MERN Stack,Seat chance spend PM never gun environmental over score individual always property service.,Neutral,Will think and get back,
757,Vihaan Chopra,2025,Lucknow,Python with AI and ML,Question ever occur country sometimes approach statement watch participant small onto shake require different.,Neutral,Will think and get back,
758,Ananya Pandey,2025,Noida,Python with Data Science,Part great official but address sometimes key everything despite.,Neutral,Considering options,
759,Arjun Joshi,2024,Lucknow,Python with Data Science,Record sister rest responsibility leader perhaps service money and newspaper compare her interview military.,Neutral,Will think and get back,
760,Ishita Nair,2025,Noida,Java Full Stack,Science police feel day radio early lose.,Neutral,Will think and get back,
761,Sai Kumar,2022,Lucknow,Python with AI and ML,New position ask better through resource everything impact return trade must policy.,Neutral,Will think and get back,
762,Riya Chopra,2023,Lucknow,Python with Data Science,Prove current worker good former information result animal newspaper point deal meet.,Neutral,Will think and get back,
763,Rohan Singh,2023,Noida,Python with AI and ML,Spend cover husband increase sort maybe traditional road.,Neutral,Will think and get back,
764,Ananya Mishra,2024,Noida,Java Full Stack,Something some those husband whom star season resource decade herself relate laugh yet town generation program.,Neutral,Asked for more details,
765,Diya Agarwal,2025,Noida,Python with Data Science,Look free probably reduce sister buy without why could cultural value often item.,Neutral,Will think and get back,
766,Kavya Mishra,2022,Lucknow,Python with Data Science,Name within him a news fly yet represent sometimes stock process so agent theory world.,Neutral,Considering options,
767,Sai Sharma,2022,Noida,Python with Data Science,Later goal consumer game cover quality management traditional.,Neutral,Considering options,
768,Ishaan Kumar,2025,Lucknow,Python with Data Science,Policy term letter draw do professional time born speak form smile firm from.,Neutral,Will think and get back,
769,Sneha Nair,2025,Lucknow,Java Full Stack,Little rise high effect that similar population glass turn compare.,Neutral,Will think and get back,
770,Aditi Joshi,2025,Noida,Python with AI and ML,Long hit many event technology almost upon then environment able not there.,Neutral,Considering options,
771,Kavya Saxena,2022,Lucknow,Python with Data Science,Office order open water change trade office glass.,Neutral,Considering options,
772,Vihaan Kapoor,2025,Noida,Python with Data Science,Many back door movie carry treatment single many matter certainly.,Neutral,Considering options,
773,Aditya Sharma,2022,Noida,Java Full Stack,Forward important interview physical gun onto single thought site born one public executive pick.,Neutral,Asked for more details,
774,Ishita Pandey,2022,Lucknow,Python with Data Science,Medical nothing approach itself wide teach describe five suffer training control produce.,Neutral,Asked for more details,
775,Ananya Sharma,2022,Lucknow,Java Full Stack,Vote growth room business official media paper special first blue card concern property various Republican rise.,Neutral,Considering options,
776,Ishaan Pandey,2023,Noida,MERN Stack,Room respond try professor home before popular late now sign whom.,Neutral,Asked for more details,
777,Krishna Kapoor,2022,Noida,MERN Stack,However employee determine everybody pay cost challenge loss figure so.,Neutral,Will think and get back,
778,Meera Yadav,2024,Lucknow,Python with AI and ML,Knowledge seven town culture myself over difference strategy future authority Mr.,Neutral,Considering options,
779,Ishita Kapoor,2022,Lucknow,MERN Stack,Wish take war stand dog produce finally present.,Neutral,Asked for more details,
780,Saanvi Bhatia,2022,Lucknow,Python with Data Science,Make wide hospital film lot young culture election floor check.,Neutral,Will think and get back,
781,Kabir Nair,2024,Noida,Python with Data Science,Understand focus worker individual wish recently summer strong course stock charge agent friend state describe.,Neutral,Will think and get back,
782,Sai Yadav,2022,Lucknow,Java Full Stack,Place manager mind character include behavior three traditional huge receive want house.,Neutral,Asked for more details,
783,Diya Nair,2023,Lucknow,Python with Data Science,Hotel ball teacher safe federal you him full nature firm stop full group third common not.,Neutral,Will think and get back,
784,Sneha Kapoor,2023,Lucknow,Java Full Stack,Wall stand couple there like particularly degree share address guess occur city.,Neutral,Will think and get back,
785,Vivaan Joshi,2025,Noida,Java Full Stack,Air probably event happen east environmental travel be evidence.,Neutral,Asked for more details,
786,Ishita Gupta,2023,Noida,MERN Stack,Now old and case training line although per live maybe own around.,Neutral,Will think and get back,
787,Diya Saxena,2022,Noida,Python with Data Science,Tax as happy federal region six agreement part also attention.,Neutral,Considering options,
788,Kabir Jain,2024,Lucknow,Python with Data Science,Election deep service sister air hold sometimes I no identify rich research recently.,Neutral,Asked for more details,
789,Kabir Verma,2023,Lucknow,Python with AI and ML,Memory product myself reality talk ahead see.,Neutral,Asked for more details,
790,Diya Pandey,2025,Lucknow,MERN Stack,Minute level personal once PM different somebody begin could their ground able health.,Neutral,Will think and get back,
791,Ishaan Bhatia,2024,Lucknow,Python with Data Science,Thus run natural whose eye up tough ability around exactly fill yourself.,Neutral,Will think and get back,
792,Ananya Pandey,2025,Noida,Python with AI and ML,Hot up religious between position hotel difficult keep now together together.,Neutral,Considering options,
793,Krishna Agarwal,2024,Noida,Python with AI and ML,Five someone school receive agreement figure ground agency respond American teacher husband kid resource art especially.,Neutral,Asked for more details,
794,Kabir Bhatia,2024,Lucknow,Python with Data Science,South official pretty away laugh care hundred deep sure theory stand have more hear lot.,Neutral,Asked for more details,
795,Ananya Jain,2023,Noida,MERN Stack,Size social subject only everyone type store type number moment doctor as learn.,Neutral,Asked for more details,
796,Kabir Bhatia,2022,Noida,Python with AI and ML,Do the onto consumer military second behavior country foreign expect door according certain political central but.,Neutral,Will think and get back,
797,Vivaan Gupta,2024,Noida,Python with Data Science,Physical bad tonight so message quality keep ago drive good summer PM matter week she sound.,Neutral,Asked for more details,
798,Aarav Pandey,2022,Lucknow,MERN Stack,Common learn begin few series friend talk participant room among air pressure recognize.,Neutral,Considering options,
799,Kavya Yadav,2025,Noida,Python with AI and ML,Doctor create everything cost treatment soldier thousand good likely.,Neutral,Asked for more details,
800,Aditi Bhatia,2022,Lucknow,MERN Stack,Thank probably consider early improve money their television standard front.,Neutral,Will think and get back,
801,Kabir Reddy,2022,Noida,Python with Data Science,Million go on share significant heavy behavior same.,Neutral,Will think and get back,
802,Meera Malhotra,2025,Lucknow,Java Full Stack,Between official population sign difference whole cell listen everything environmental trade so reality thousand.,Neutral,Asked for more details,
803,Aditya Kumar,2023,Lucknow,Python with AI and ML,Enter give finish indicate else sit Mr owner middle into put response name move physical always.,Neutral,Asked for more details,
804,Vivaan Mehta,2025,Noida,MERN Stack,Out nor law ground speech speech and.,Neutral,Asked for more details,
805,Ananya Nair,2025,Noida,MERN Stack,Detail argue note weight cold public candidate better short wait air catch commercial water.,Neutral,Considering options,
806,Ishaan Verma,2025,Noida,Python with AI and ML,Sometimes money building success onto economic cultural hour thousand behavior operation record.,Neutral,Will think and get back,
807,Sneha Kumar,2022,Noida,MERN Stack,Bit success be expect three hair similar collection leader so.,Neutral,Asked for more details,
808,Arjun Mishra,2024,Noida,Java Full Stack,Local white behind they produce seven bill response.,Neutral,Considering options,
809,Ishaan Pandey,2022,Lucknow,Java Full Stack,Especially establish individual lay question short measure election traditional career should add so seat practice.,Neutral,Asked for more details,
810,Aditya Chopra,2024,Noida,Java Full Stack,Also eight grow small direction officer about day stop science father practice civil.,Neutral,Considering options,
811,Diya Bhatia,2023,Lucknow,Java Full Stack,Central answer present compare measure police rule not.,Neutral,Will think and get back,
812,Riya Reddy,2025,Noida,Java Full Stack,Firm phone he music ten school form employee all agent discussion catch.,Neutral,Asked for more details,
813,Aarav Nair,2022,Noida,Python with Data Science,Ago activity opportunity value trial five top really force least visit.,Neutral,Asked for more details,
814,Sneha Agarwal,2023,Lucknow,MERN Stack,Exactly about action street rise right quite hotel home heart fact against improve add test.,Neutral,Considering options,
815,Aarav Mehta,2022,Lucknow,MERN Stack,Exist say will agent second teacher bank certain feel if college together its pick.,Neutral,Asked for more details,
816,Vivaan Yadav,2025,Lucknow,MERN Stack,Month level fact get different top couple throw fine manage.,Neutral,Will think and get back,
817,Diya Nair,2025,Noida,Java Full Stack,Establish control movement likely story him skill expect over stand.,Neutral,Asked for more details,
818,Ishaan Mishra,2024,Lucknow,Java Full Stack,Should family hundred even difference former teacher.,Neutral,Considering options,
819,Aarav Nair,2022,Lucknow,MERN Stack,Appear environmental center get national into example trial animal sort.,Neutral,Asked for more details,
820,Krishna Mehta,2023,Lucknow,Java Full Stack,Page well performance us send cup interesting fly whom.,Neutral,Asked for more details,
821,Ishita Kapoor,2025,Lucknow,Python with AI and ML,City ability game rich anyone degree give us cell particularly write by high door design.,Neutral,Asked for more details,
822,Rohan Joshi,2023,Lucknow,MERN Stack,Theory responsibility help occur since size body truth difficult mind western sort old fact really brother.,Neutral,Will think and get back,
823,Meera Reddy,2025,Noida,MERN Stack,Record water soon central audience front inside guess appear.,Neutral,Considering options,
824,Saanvi Malhotra,2022,Lucknow,Python with AI and ML,Prove recently above thank eat history oil thus seven now.,Neutral,Will think and get back,
825,Aarav Mehta,2022,Noida,Python with AI and ML,Myself drop relationship same show listen ask life whatever be design nearly sea peace.,Neutral,Asked for more details,
826,Sneha Chopra,2023,Noida,Python with AI and ML,Board security field no may since according scene economic place keep man ever foreign price.,Neutral,Considering options,
827,Ishaan Yadav,2023,Lucknow,Java Full Stack,Green surface than lead big organization also a.,Neutral,Asked for more details,
828,Rohan Verma,2023,Lucknow,Python with Data Science,Fire sort if meet seek administration evidence thousand ask wind.,Neutral,Asked for more details,
829,Vivaan Agarwal,2022,Lucknow,MERN Stack,Song manage student yet send quickly black report wind stop listen value affect mention.,Neutral,Will think and get back,
830,Vivaan Joshi,2025,Lucknow,MERN Stack,Education mention job whole push result particularly mother record study.,Neutral,Asked for more details,
831,Rohan Malhotra,2022,Noida,Python with AI and ML,Late blue beat political around onto through evidence parent learn throughout opportunity star.,Neutral,Considering options,
832,Aarav Pandey,2024,Noida,MERN Stack,West peace season around nor employee machine society offer dream her.,Neutral,Considering options,
833,Vivaan Patel,2025,Lucknow,Java Full Stack,Building detail theory green morning interview control coach.,Neutral,Will think and get back,
834,Aditi Bhatia,2023,Lucknow,MERN Stack,Happen order perform strategy strong artist sometimes address.,Neutral,Will think and get back,
835,Sai Sharma,2024,Noida,Python with AI and ML,Office room art role gun area likely.,Neutral,Considering options,
836,Vihaan Patel,2025,Noida,Java Full Stack,Or kitchen summer field political wonder room prove court good grow security eat investment could there.,Neutral,Asked for more details,
837,Rohan Yadav,2024,Lucknow,Python with Data Science,Ready now me mention American you simply ready matter scientist method.,Neutral,Will think and get back,
838,Riya Kapoor,2022,Lucknow,Java Full Stack,Instead agree big letter measure staff cover view involve break.,Neutral,Considering options,
839,Aditi Reddy,2023,Noida,Python with Data Science,Follow whether letter agent past election collection why before.,Neutral,Considering options,
840,Riya Malhotra,2022,Lucknow,Java Full Stack,Contain property state pick lay serve PM condition once attorney practice.,Neutral,Considering options,
841,Ishita Mishra,2022,Lucknow,MERN Stack,Stuff rise college account job wait modern yet talk wonder do turn size onto surface.,Neutral,Considering options,
842,Sai Kapoor,2024,Lucknow,Java Full Stack,Improve help purpose lay send name peace live tend him subject million participant own pressure.,Neutral,Will think and get back,
843,Diya Yadav,2025,Noida,Java Full Stack,Part involve section area require nature my budget.,Neutral,Considering options,
844,Ananya Pandey,2024,Noida,Java Full Stack,Carry outside just clearly bit affect international tax.,Neutral,Considering options,
845,Vihaan Mehta,2023,Noida,Java Full Stack,Another keep offer likely smile forward suddenly meeting.,Neutral,Will think and get back,
846,Rohan Joshi,2022,Noida,Python with Data Science,Guess director catch sort best issue something much three.,Neutral,Will think and get back,
847,Aditya Patel,2023,Lucknow,MERN Stack,Nation benefit loss so local enough himself but which available wall and.,Neutral,Will think and get back,
848,Riya Nair,2023,Noida,MERN Stack,Friend wrong group especially hundred yet some television hand hand blue guess dinner government.,Neutral,Asked for more details,
849,Arjun Gupta,2022,Noida,MERN Stack,Process today suddenly personal natural where staff seat.,Neutral,Considering options,
850,Ishaan Malhotra,2025,Lucknow,Python with AI and ML,Wife direction person what necessary carry better play particular eat today responsibility.,Neutral,Will think and get back,
851,Kavya Agarwal,2025,Noida,MERN Stack,Number forward hour medical day thousand oil old two hard age likely themselves some.,Neutral,Will think and get back,
852,Sneha Reddy,2024,Lucknow,Python with Data Science,Audience bag organization admit cover police agent land.,Neutral,Considering options,
853,Diya Joshi,2022,Lucknow,Java Full Stack,Impact drug traditional in push just effort believe particularly arm catch those that perform reality.,Neutral,Considering options,
854,Aditya Jain,2025,Noida,Python with Data Science,Mother manager develop month police old fine character her.,Neutral,Considering options,
855,Aarav Mishra,2023,Lucknow,MERN Stack,Half personal per realize can society song article choice across and baby between morning senior.,Neutral,Asked for more details,
856,Aarav Chopra,2024,Lucknow,Python with Data Science,Shake always with science possible travel ball effect picture value.,Neutral,Considering options,
857,Riya Kapoor,2022,Noida,Python with Data Science,Church lay deal dinner suddenly without do fund.,Neutral,Asked for more details,
858,Vihaan Mehta,2024,Lucknow,Python with AI and ML,Similar middle charge anyone team green will mention bar fact most air.,Neutral,Will think and get back,
859,Kabir Kumar,2023,Noida,Python with AI and ML,Hand order huge maintain join figure large statement garden student.,Neutral,Will think and get back,
860,Priya Gupta,2023,Lucknow,Python with Data Science,Its player new station each can Mrs probably.,Neutral,Considering options,
861,Vivaan Jain,2022,Noida,MERN Stack,Range probably situation clearly different similar deep wind level watch entire arm.,Neutral,Will think and get back,
862,Ishaan Mishra,2025,Lucknow,Python with AI and ML,Among bit catch official might serious image huge career.,Neutral,Considering options,
863,Kavya Mehta,2022,Noida,MERN Stack,Fine public themselves billion concern leave seek.,Neutral,Will think and get back,
864,Ishita Verma,2022,Noida,MERN Stack,Indeed conference Congress concern every reflect conference see reach ground Democrat authority cup through.,Neutral,Asked for more details,
865,Krishna Chopra,2023,Noida,MERN Stack,Her truth identify entire win they amount us each bed a.,Neutral,Will think and get back,
866,Meera Pandey,2022,Noida,Python with AI and ML,Summer boy arm suddenly indeed air ten be single box region public.,Neutral,Will think and get back,
867,Vivaan Mishra,2023,Lucknow,Python with Data Science,Today feeling involve past act program customer team only news.,Neutral,Asked for more details,
868,Saanvi Kapoor,2025,Lucknow,MERN Stack,Long body never send watch contain growth commercial low may new energy stage democratic.,Neutral,Asked for more details,
869,Aditi Mishra,2024,Noida,MERN Stack,Bit image together hand apply home television century.,Neutral,Considering options,
870,Ananya Joshi,2023,Lucknow,Python with Data Science,Save body woman free indicate role arrive tonight today.,Neutral,Considering options,
871,Aditi Verma,2023,Noida,MERN Stack,Important beat owner could stay him understand story effect someone week computer.,Neutral,Asked for more details,
872,Kabir Mishra,2024,Lucknow,MERN Stack,Every yourself standard hard begin Congress soon future every world young indicate foot face tree.,Neutral,Asked for more details,
873,Sneha Singh,2022,Lucknow,Python with AI and ML,By probably six believe road example peace she authority yourself rather way coach method expect each.,Neutral,Asked for more details,
874,Sai Gupta,2024,Noida,Java Full Stack,A whether help area spend imagine effect method be style carry picture hope fire work.,Neutral,Considering options,
875,Sneha Verma,2025,Lucknow,Python with Data Science,Scientist bed owner reach free be doctor seem buy Republican less.,Neutral,Asked for more details,
876,Sneha Verma,2022,Lucknow,MERN Stack,Billion they item because make pretty list keep parent see serve model just.,Neutral,Asked for more details,
877,Aditya Pandey,2024,Noida,Python with AI and ML,Economic four field sell day serve free head always street threat drive.,Neutral,Considering options,
878,Sai Verma,2023,Noida,Python with Data Science,On authority bit movement control need often there piece instead dark.,Neutral,Will think and get back,
879,Aarav Singh,2024,Noida,Python with Data Science,Fish heavy present experience never tend Mrs ability chair wife social sell behind mother remember bit.,Neutral,Will think and get back,
880,Meera Verma,2023,Lucknow,MERN Stack,Of thank month able detail others my market image.,Neutral,Asked for more details,
881,Riya Joshi,2023,Lucknow,Python with Data Science,Structure than case look along direction me not least care service join late our class.,Neutral,Considering options,
882,Sai Verma,2022,Noida,MERN Stack,Crime service money value or page condition performance close shake campaign miss late eight clearly.,Neutral,Will think and get back,
883,Arjun Pandey,2023,Lucknow,Python with AI and ML,Life bit everything like together day play exist system deep appear happy since fear almost.,Neutral,Asked for more details,
884,Rohan Nair,2022,Lucknow,Java Full Stack,Peace nearly before its three stock day identify item environmental newspaper management member foreign machine away.,Neutral,Asked for more details,
885,Riya Saxena,2024,Noida,Python with AI and ML,Successful almost bed food concern enough line TV note next soldier possible.,Neutral,Asked for more details,
886,Riya Verma,2025,Noida,Python with AI and ML,Possible country actually follow him free head provide enter out kind future skin.,Neutral,Asked for more details,
887,Vihaan Bhatia,2025,Lucknow,Python with AI and ML,Production major particular challenge movie idea seek pick might thus mission.,Neutral,Considering options,
888,Ishaan Malhotra,2024,Lucknow,MERN Stack,Scene while begin million benefit day close stand speech than door.,Neutral,Considering options,
889,Aditi Jain,2022,Noida,Java Full Stack,Us water into thousand within seven position home or firm anything degree point.,Neutral,Considering options,
890,Krishna Malhotra,2023,Noida,MERN Stack,Throughout food full degree half bad each onto according firm.,Neutral,Considering options,
891,Sneha Yadav,2024,Noida,Python with Data Science,Sister hope term vote kind degree health red run data laugh chair girl rest condition.,Neutral,Asked for more details,
892,Krishna Bhatia,2023,Noida,MERN Stack,Whose ball capital far trip go data.,Neutral,Considering options,
893,Arjun Agarwal,2023,Noida,Python with AI and ML,Friend court or particularly study arm song home floor really similar quickly send grow bed.,Neutral,Asked for more details,
894,Ishita Verma,2023,Noida,Python with Data Science,Method risk sign individual gas sing indeed popular fall ten both return still.,Neutral,Considering options,
895,Ishaan Verma,2024,Noida,Java Full Stack,Process future dark through believe environment idea fire create long computer.,Neutral,Asked for more details,
896,Diya Chopra,2024,Noida,Python with Data Science,Certain painting response fall still few grow newspaper perform activity machine.,Neutral,Considering options,
897,Rohan Saxena,2024,Noida,MERN Stack,Citizen child less market officer cup write chance result our agency everyone.,Neutral,Considering options,
898,Vihaan Yadav,2022,Noida,MERN Stack,West force political occur order government over view move dream try if adult per hot.,Neutral,Considering options,
899,Priya Saxena,2024,Lucknow,Python with Data Science,Religious perhaps away even because sea eat charge leader.,Neutral,Asked for more details,
900,Kavya Sharma,2023,Lucknow,Python with Data Science,Hair here week law investment wait military around dinner staff leave appear official order.,Neutral,Will think and get back,
901,Priya Verma,2025,Noida,Java Full Stack,Send daughter kid hotel travel measure federal teach state change media oil allow enough allow.,Neutral,Asked for more details,
902,Krishna Joshi,2025,Noida,MERN Stack,Nice before country west discuss move understand able as worker loss and material point value moment.,Neutral,Considering options,
903,Kavya Sharma,2024,Lucknow,MERN Stack,Ground day many everybody time camera become black which people toward create must turn carry.,Neutral,Considering options,
904,Kavya Reddy,2023,Noida,Python with Data Science,Cell read from expert draw newspaper property difference finish lead.,Neutral,Will think and get back,
905,Saanvi Malhotra,2023,Lucknow,Python with AI and ML,Painting piece animal everyone many attack miss daughter tough party six woman often customer.,Neutral,Considering options,
906,Aditya Bhatia,2022,Lucknow,MERN Stack,Budget which blood particularly wide country individual century learn though light style religious.,Neutral,Asked for more details,
907,Saanvi Kumar,2022,Lucknow,MERN Stack,Throw wife big matter level seek trouble little develop worry lose.,Neutral,Will think and get back,
908,Rohan Bhatia,2025,Noida,Python with Data Science,Boy music mean behind play team we plan form morning western standard statement.,Neutral,Asked for more details,
909,Saanvi Agarwal,2023,Noida,Python with Data Science,Around ask simple day wear particularly local check market painting window Republican owner.,Neutral,Asked for more details,
910,Aditya Nair,2025,Noida,Java Full Stack,Table describe receive room moment may cell visit until whole movement.,Neutral,Will think and get back,
911,Kabir Yadav,2023,Noida,Python with AI and ML,Be another role kitchen better hundred need head hospital road factor everybody huge modern ok quickly.,Neutral,Will think and get back,
912,Aarav Bhatia,2025,Noida,Java Full Stack,Everybody least drive part whatever become own stop direction interesting.,Neutral,Will think and get back,
913,Saanvi Mehta,2022,Lucknow,MERN Stack,Former similar thing another benefit two drive season create suddenly behavior.,Neutral,Asked for more details,
914,Kavya Malhotra,2024,Lucknow,Java Full Stack,Popular she dream often above third third close ready.,Neutral,Will think and get back,
915,Sai Kapoor,2025,Lucknow,Java Full Stack,Professor describe political for serious road level.,Neutral,Asked for more details,
916,Saanvi Nair,2025,Lucknow,Python with AI and ML,Suggest five run set structure range Republican white off well beautiful necessary trade.,Neutral,Considering options,
917,Ananya Kapoor,2024,Lucknow,Python with AI and ML,Assume office nation few hold what bank.,Neutral,Will think and get back,
918,Diya Bhatia,2025,Lucknow,Python with Data Science,Everything piece boy suffer beautiful specific source.,Neutral,Asked for more details,
919,Rohan Singh,2025,Lucknow,Python with AI and ML,Specific second answer present even tough ok travel.,Neutral,Considering options,
920,Krishna Pandey,2024,Noida,Python with AI and ML,Listen teacher her she thousand image power politics condition item forward throughout.,Neutral,Asked for more details,
921,Kabir Jain,2023,Noida,Python with AI and ML,Beautiful lose word hard particular forget color bad authority.,Neutral,Will think and get back,
922,Saanvi Jain,2025,Noida,Java Full Stack,Spring and second thank determine not behavior well say economic wish mind concern air training.,Neutral,Considering options,
923,Rohan Mishra,2022,Lucknow,MERN Stack,Sometimes specific six fill understand sign shake fine arm walk.,Neutral,Considering options,
924,Ananya Reddy,2023,Lucknow,MERN Stack,Remain real up identify light face clearly write present third test cell religious option any.,Neutral,Considering options,
925,Ananya Kumar,2022,Noida,Python with Data Science,Others activity size deep character movie listen serious use charge onto man alone attack behavior everything.,Neutral,Considering options,
926,Aarav Joshi,2023,Lucknow,MERN Stack,Part morning relationship since cultural fast training herself home expect.,Neutral,Asked for more details,
927,Aditya Pandey,2025,Lucknow,MERN Stack,Majority help car lawyer seem type behavior choice film court agreement blue small.,Neutral,Considering options,
928,Priya Patel,2025,Lucknow,Python with AI and ML,Conference surface offer whether case wife yes.,Neutral,Considering options,
929,Aditi Singh,2024,Lucknow,Python with Data Science,Design provide smile finally push senior seek watch arrive phone.,Neutral,Considering options,
930,Meera Singh,2024,Noida,MERN Stack,Believe month say professor to conference until story.,Neutral,Asked for more details,
931,Aditya Singh,2025,Noida,Python with AI and ML,Size campaign reflect business discuss remain least.,Neutral,Considering options,
932,Riya Singh,2024,Lucknow,MERN Stack,We particularly ball one effect plan matter appear yourself four future baby hit expert impact.,Neutral,Asked for more details,
933,Arjun Joshi,2022,Lucknow,Java Full Stack,Listen indeed process deal water heavy indicate civil reveal.,Neutral,Asked for more details,
934,Rohan Mishra,2024,Lucknow,MERN Stack,Out employee work city party forward add end conference second economic send ten eat.,Neutral,Asked for more details,
935,Kabir Joshi,2022,Lucknow,MERN Stack,Grow type although student education job federal.,Neutral,Will think and get back,
936,Ananya Saxena,2023,Lucknow,MERN Stack,Beyond husband room treatment save turn available similar oil speech event drop.,Neutral,Considering options,
937,Aditi Verma,2024,Noida,MERN Stack,Who doctor back or necessary movement seem a.,Neutral,Asked for more details,
938,Riya Malhotra,2024,Lucknow,Java Full Stack,Ever they someone voice instead suggest kind yourself again per enjoy.,Neutral,Considering options,
939,Ishaan Patel,2025,Noida,Java Full Stack,Federal either reflect hear picture another culture call raise mother miss another worry billion red scene.,Neutral,Will think and get back,
940,Rohan Joshi,2023,Lucknow,Python with AI and ML,Information kid space true wonder bill on least not service.,Neutral,Asked for more details,
941,Ishaan Singh,2025,Noida,MERN Stack,Pass ahead move natural job evidence need both because in position.,Neutral,Considering options,
942,Vivaan Malhotra,2022,Noida,MERN Stack,Fast travel dinner about teacher else stay those reason project owner summer rest strategy.,Neutral,Will think and get back,
943,Vivaan Patel,2022,Noida,MERN Stack,Response south all article special always move measure discussion interview middle.,Neutral,Asked for more details,
944,Kabir Yadav,2025,Noida,Java Full Stack,Affect I truth dream purpose she approach his street business forward ground course within or agreement.,Neutral,Considering options,
945,Aditya Bhatia,2022,Noida,Java Full Stack,Sister thank international size until main most.,Neutral,Considering options,
946,Aditya Kapoor,2022,Lucknow,MERN Stack,Picture draw assume sport cultural statement fear issue official much Democrat hospital prove address century.,Neutral,Will think and get back,
947,Sai Pandey,2024,Lucknow,MERN Stack,Kid sell improve interest east type admit society voice.,Neutral,Will think and get back,
948,Kavya Pandey,2023,Lucknow,Python with AI and ML,Month plant lot hear fire various really day policy experience another measure.,Neutral,Will think and get back,
949,Aditi Verma,2022,Lucknow,Python with AI and ML,Coach they participant conference process audience set answer then analysis.,Neutral,Will think and get back,
950,Rohan Joshi,2025,Noida,MERN Stack,Former weight memory necessary reflect tree me cell need set old than energy grow.,Neutral,Considering options,
951,Saanvi Mishra,2022,Lucknow,Python with Data Science,Recognize design lot moment yard author toward investment.,Neutral,Considering options,
952,Diya Verma,2023,Lucknow,Java Full Stack,Herself street live reality capital south moment as each rich role avoid.,Neutral,Asked for more details,
953,Rohan Gupta,2022,Lucknow,Python with Data Science,Chair a she political drive learn herself near stop nice someone tend store smile security.,Neutral,Considering options,
954,Vivaan Reddy,2022,Lucknow,Python with AI and ML,Respond drop better issue will standard media will talk family increase best safe attorney difficult gun.,Neutral,Asked for more details,
955,Vivaan Kapoor,2022,Lucknow,Python with Data Science,Financial action try production the rock pass particular article type crime week police room under.,Neutral,Will think and get back,
956,Aditi Chopra,2022,Noida,MERN Stack,Participant these step more during hair list cup sing sing fish western idea.,Neutral,Considering options,
957,Aditya Pandey,2025,Noida,Python with Data Science,Arrive focus minute south teacher election may chair commercial.,Neutral,Asked for more details,
958,Aditya Mishra,2025,Lucknow,MERN Stack,Those town peace trip reach three compare for bad.,Neutral,Will think and get back,
959,Priya Patel,2025,Noida,Java Full Stack,Amount huge recognize occur my mother focus.,Neutral,Asked for more details,
960,Diya Gupta,2025,Noida,Java Full Stack,Since wish list provide international investment southern under heart grow audience second.,Neutral,Considering options,
961,Aditya Gupta,2022,Lucknow,Python with Data Science,Hand assume over where represent point crime reflect truth gun speak really news sea maybe account.,Neutral,Asked for more details,
962,Riya Patel,2025,Noida,Python with AI and ML,Director herself ahead charge north month baby finally husband laugh fear significant they door.,Neutral,Considering options,
963,Aditya Kumar,2023,Lucknow,MERN Stack,Yeah guess gun west over detail in management movie reflect body specific matter fill enjoy.,Neutral,Considering options,
964,Vivaan Nair,2023,Lucknow,Python with AI and ML,Office organization walk leave head door tax board society popular quite art instead theory study.,Neutral,Asked for more details,
965,Arjun Jain,2022,Lucknow,Java Full Stack,Issue identify respond produce perhaps first subject.,Neutral,Asked for more details,
966,Vihaan Patel,2025,Noida,MERN Stack,Although owner than white serious Mr support season teacher significant I church positive.,Neutral,Will think and get back,
967,Aarav Jain,2025,Lucknow,Java Full Stack,Everything phone you continue describe easy think general everybody good behind particularly.,Neutral,Asked for more details,
968,Sneha Patel,2024,Noida,Python with Data Science,Firm husband focus move condition collection budget spend player.,Neutral,Asked for more details,
969,Kabir Sharma,2025,Lucknow,Python with Data Science,Tonight simply network sea modern fish long.,Neutral,Will think and get back,
970,Kabir Kumar,2024,Noida,Java Full Stack,And call guess officer college one receive.,Neutral,Will think and get back,
971,Diya Kapoor,2024,Lucknow,Python with AI and ML,Whom decide middle natural prevent individual question its interest page start yeah enjoy week happy red.,Neutral,Considering options,
972,Meera Mehta,2025,Lucknow,Python with AI and ML,Resource full design more cause money should value civil mention decision surface.,Neutral,Considering options,
973,Ishita Jain,2025,Noida,Python with Data Science,Possible never hit opportunity animal century hear whose able rock radio maintain.,Neutral,Will think and get back,
974,Sneha Kumar,2023,Lucknow,Python with Data Science,Two each so inside either those eat light throughout cut.,Neutral,Considering options,
975,Vihaan Patel,2024,Lucknow,Python with AI and ML,Measure also entire central career network moment leader realize.,Neutral,Will think and get back,
976,Arjun Kumar,2023,Lucknow,Python with Data Science,While no piece alone inside week fear away meet describe community.,Neutral,Considering options,
977,Krishna Singh,2023,Lucknow,Java Full Stack,Staff western from affect research staff mind majority toward identify win.,Neutral,Asked for more details,
978,Sneha Mishra,2023,Noida,Java Full Stack,Rather require subject national open world hit far defense every through gas particular beautiful career.,Neutral,Asked for more details,
979,Diya Yadav,2025,Noida,Python with Data Science,Newspaper and thing few international management employee subject positive clearly support financial test ball conference.,Neutral,Will think and get back,
980,Kavya Bhatia,2022,Lucknow,MERN Stack,Thing blood should expert image share herself majority budget mention thousand none several.,Neutral,Will think and get back,
981,Arjun Chopra,2023,Lucknow,Python with AI and ML,Mouth dream against feeling response growth list though real break teacher general woman.,Neutral,Asked for more details,
982,Sneha Saxena,2024,Noida,MERN Stack,Employee brother local cause age detail above where language worry party small report.,Neutral,Considering options,
983,Ishita Singh,2025,Noida,Python with Data Science,Guess hit we environmental best letter possible voice matter best not idea despite they report.,Neutral,Asked for more details,
984,Vihaan Agarwal,2022,Lucknow,Python with Data Science,Professor color common hundred friend challenge sister force participant.,Neutral,Will think and get back,
985,Diya Verma,2024,Lucknow,Python with Data Science,Might recently easy reveal sense indicate her.,Neutral,Will think and get back,
986,Arjun Patel,2025,Lucknow,Python with Data Science,Talk put lead teacher low old behind it number.,Neutral,Asked for more details,
987,Rohan Agarwal,2024,Noida,Python with Data Science,Now event energy individual call compare society record realize first son hard media station.,Neutral,Asked for more details,
988,Aditya Singh,2024,Lucknow,Python with AI and ML,Hit middle partner enjoy social feel cover suggest tonight himself.,Neutral,Considering options,
989,Vihaan Nair,2025,Lucknow,MERN Stack,Pass win important him near kid involve break analysis keep her participant wear kind.,Neutral,Will think and get back,
990,Sai Mehta,2023,Lucknow,Python with Data Science,Avoid where draw young some adult establish also least than.,Neutral,Asked for more details,
991,Kabir Jain,2025,Noida,MERN Stack,Offer up science possible PM study realize experience somebody play maybe.,Neutral,Asked for more details,
992,Diya Nair,2022,Noida,Python with AI and ML,Gas new whatever hour local election science person.,Neutral,Considering options,
993,Meera Malhotra,2024,Lucknow,MERN Stack,Tv group service easy science Republican current.,Neutral,Will think and get back,
994,Meera Gupta,2023,Lucknow,Python with Data Science,Employee kind suffer dream choose technology allow chair.,Neutral,Will think and get back,
995,Aditi Nair,2024,Lucknow,Python with Data Science,Strong provide dog huge all increase sure citizen heart project develop throw.,Neutral,Will think and get back,
996,Priya Jain,2025,Lucknow,Python with AI and ML,Its owner new generation sense reduce walk send yourself maintain candidate street city PM manager.,Neutral,Will think and get back,
997,Kabir Chopra,2022,Lucknow,MERN Stack,Between east law author business business compare success doctor agreement nice stop everybody ground perhaps.,Neutral,Considering options,
998,Sai Jain,2024,Lucknow,Java Full Stack,Management few pull really movement none no bag some.,Neutral,Asked for more details,
999,Sneha Agarwal,2024,Lucknow,MERN Stack,Idea station likely measure pretty between difference drug mother culture career certain.,Neutral,Considering options,